token,count,humor_type,type_score,score_dark_humor,score_wordplay_puns,score_sarcasm_irony,score_absurd_surreal,score_topical_political,score_relationship_family,score_workplace_office,score_animals
couple,43,relationship_family,0.4136141,0.077631585,0.12780467,0.06338973,0.0714968,0.05601005,0.4136141,0.07880369,0.06240127
fish,39,animals,0.42056596,0.024031587,0.07615213,0.03992967,0.20327805,0.12598716,0.07949109,0.067632765,0.42056596
dog,35,animals,0.4587388,0.13521735,0.010276796,0.0059577804,0.16306408,0.13307771,0.059667733,0.028498184,0.4587388
animals,29,animals,0.5834134,0.050589297,0.005234193,-0.09110223,0.30509603,0.10702803,0.037733465,-0.06949112,0.5834134
cat,22,animals,0.49015206,0.13437188,0.09700162,0.050407838,0.20692664,0.12827697,0.044803366,0.02603342,0.49015206
horse,21,animals,0.4432454,0.07252744,0.079717115,0.00080693327,0.26607051,0.08673543,0.03039595,0.0005803413,0.4432454
dogs,21,animals,0.4923338,0.13104708,-0.014601354,-0.064583525,0.15388028,0.12388754,0.12510589,-0.02323606,0.4923338
bird,20,animals,0.4487393,0.097478256,0.1654071,0.03875059,0.23251471,0.17170534,0.039835352,-0.03188879,0.4487393
birds,20,animals,0.43623322,0.07929244,0.12470786,-0.024689805,0.27072757,0.15801848,0.08083658,-0.06568823,0.43623322
death,14,dark_humor,0.52116454,0.52116454,0.049993563,0.1154656,0.1739701,0.16366649,0.09750618,-0.0061708437,0.120289624
hamster,12,animals,0.41170886,0.09945795,0.1475354,0.07852459,0.19658646,0.03426271,-0.048942976,0.011442042,0.41170886
lion,12,animals,0.47213316,0.13332285,0.028019754,0.044182252,0.23801374,0.12284657,0.008551022,-0.014823601,0.47213316
reaper,10,dark_humor,0.4289864,0.4289864,0.032165445,0.08446001,0.09150264,0.10864928,0.035582654,0.0013006143,0.10119116
ufo,9,absurd_surreal,0.50811774,0.11770502,-0.0097590545,0.01616816,0.50811774,0.08207376,0.12731351,-0.019426884,0.09136743
aliens,8,absurd_surreal,0.44439375,0.11950588,-0.010227004,-0.045068603,0.44439375,0.036376707,0.121201634,-0.061835296,0.12654918
unicorn,7,absurd_surreal,0.43083775,0.119771056,0.13788173,-0.0058701914,0.43083775,0.09067858,0.08048567,0.014840895,0.3299978
horses,6,animals,0.43961582,0.09798028,0.068209864,-0.036000907,0.25072974,0.08557793,0.08489018,-0.023648618,0.43961582
cats,6,animals,0.5088678,0.14287227,0.05029153,-0.005690893,0.24525496,0.11361912,0.089965984,-0.034754064,0.5088678
animal,6,animals,0.57193,0.060153652,0.027883917,-0.02163757,0.31825912,0.10176081,0.0044842754,-0.0069641955,0.57193
elephant,5,animals,0.4072934,0.102067895,0.05960641,0.019208886,0.3375153,0.1184492,0.00025314465,0.042356562,0.4072934
petting,5,animals,0.41834664,0.1758452,0.041871212,-0.001630397,0.08242409,0.04273635,0.10304329,-0.0599332,0.41834664
shepherd,5,animals,0.4428331,0.050159976,0.031498775,0.00658321,0.1054664,0.1476511,0.061898675,0.034851115,0.4428331
rabbit,4,animals,0.40681934,0.112815745,0.16069435,0.111560345,0.28433228,0.12642577,0.04499446,-0.031900108,0.40681934
ufos,4,absurd_surreal,0.4778821,0.13100052,-0.028712414,0.01302219,0.4778821,0.06857219,0.1255564,-0.039538197,0.070569076
collar,4,animals,0.46033973,0.0815236,0.03364405,0.046955436,0.09828476,0.10166151,0.017810468,0.013970773,0.46033973
coffin,4,dark_humor,0.5726371,0.5726371,0.12859422,0.08219904,0.18101037,0.12328835,-0.0034275448,-0.06624516,0.1521681
cemetery,4,dark_humor,0.6030177,0.6030177,0.044108678,0.103354834,0.09671318,0.023382438,0.0029808031,-0.11608826,0.05297018
mythical,3,absurd_surreal,0.46142924,0.11410932,0.09985791,0.119572304,0.46142924,-0.011190558,0.045539774,-0.03714244,0.18723337
coffins,3,dark_humor,0.54734313,0.54734313,0.10284015,0.08257832,0.20556638,0.103348464,0.022307238,-0.0711459,0.13066179
unicorns,2,absurd_surreal,0.41067725,0.105143465,0.098323576,0.027652236,0.41067725,0.03823492,0.11331051,-0.013145333,0.28427142
funeral,2,dark_humor,0.6075056,0.6075056,0.102946505,0.15780407,0.091604665,0.1003892,0.12961519,-0.013919979,0.108193286
graveyard,2,dark_humor,0.6348672,0.6348672,0.13272364,0.13010183,0.17129788,0.02036407,0.055782616,-0.051246595,0.1302568
die,2,dark_humor,0.42660028,0.42660028,0.019707117,0.124840975,0.08255549,0.14658785,0.08993908,-0.026696427,0.12500557
pigeons,2,animals,0.40149558,0.04464001,0.13299009,-0.019105453,0.21999523,0.10824771,0.06743342,-0.053829584,0.40149558
hooves,2,animals,0.4230792,0.13048282,0.14428708,-0.021803444,0.35696715,0.111762464,0.03454136,-0.00048351428,0.4230792
collars,2,animals,0.45784137,0.073869824,0.0033550467,0.0051036812,0.085367456,0.08255197,0.0168323,-0.014742447,0.45784137
corpses,1,dark_humor,0.54846144,0.54846144,0.04840876,0.091791056,0.204144,0.1164965,0.021628791,-0.06790751,0.15209576
dolphin,1,animals,0.44345582,0.07502812,0.048167057,-0.050056137,0.29266083,0.1294803,-0.016026553,0.0242723,0.44345582
elephants,1,animals,0.40120384,0.07427743,0.001363697,-0.021022275,0.33248845,0.111552656,0.023114147,0.03845234,0.40120384
duck,1,animals,0.40884173,0.10071658,0.16381821,0.11039329,0.2739454,0.15495014,0.019113006,0.034961335,0.40884173
barking,1,animals,0.48914307,0.14229672,0.11437671,0.010549568,0.15599194,0.14008306,0.0800835,-0.020290956,0.48914307
alien,1,absurd_surreal,0.4023398,0.13959557,-0.00682157,-0.04466795,0.4023398,0.057054214,0.09001209,-0.05500207,0.1650213
centaurs,1,absurd_surreal,0.4987868,0.09696296,0.08966767,-0.006908248,0.4987868,0.0020565279,-0.0031014625,-0.005774691,0.24685282
centaur,1,absurd_surreal,0.5008152,0.119840294,0.09207504,-0.013255694,0.5008152,0.013152095,-0.015869094,0.013133885,0.2466309
marrying,1,relationship_family,0.40087712,0.13423552,0.13243629,0.07945675,0.102846205,0.00880564,0.40087712,0.10900372,0.09222774
pets,1,animals,0.6256938,0.14454389,-0.004126449,-0.0647227,0.23950104,0.093035266,0.08780046,-0.047881883,0.6256938
killing,1,dark_humor,0.4304775,0.4304775,0.017422926,0.119978204,0.05750634,0.14704415,0.1475684,0.011373586,0.1615155
leash,1,animals,0.4885425,0.14041197,0.04992983,-0.09231675,0.11605455,0.09485158,0.097017296,0.014188034,0.4885425
