token,count,Id
congressman,1,510
obstruction,1,510
job,2,577
mean,2,628
say,2,567
middle,5,635
class,2,631
getting,2,825
stepped,1,510
suit,1,510
make,2,542
look,3,542
flat,3,707
right,4,672
woman,1,510
comes,2,778
along,1,510
know,3,579
used,2,765
lie,1,510
gutter,1,510
quit,1,510
drinking,1,510
meditate,2,510
anywhere,1,510
sorry,4,695
inconvenience,1,510
probably,1,510
jumped,2,510
higher,2,510
window,2,627
decided,1,510
take,3,548
lying,1,510
anyone,2,825
steps,1,510
guess,2,607
floors,2,687
hourly,1,511
one,4,632
day,2,553
son,2,511
keep,2,674
heart,1,511
attack,1,511
wish,2,652
found,2,511
yesterday,1,511
attention,1,511
detail,1,511
important,2,645
cardiologist,1,511
sells,1,511
yes,2,522
work,2,534
government,1,511
remember,2,677
anything,1,511
worth,2,511
hardest,1,511
possible,1,511
way,2,585
forecast,1,511
calls,1,511
another,2,756
foot,1,511
snow,4,694
suspension,1,511
child,1,511
labor,1,511
laws,2,548
brother,1,511
yet,1,511
promised,1,511
mother,3,581
shoe,1,511
shopping,1,511
soon,2,537
finished,1,511
pretentious,1,512
ostentatious,1,512
broga,1,512
meets,1,512
floor,2,520
please,1,512
put,2,746
back,3,558
reception,1,512
told,1,512
bring,2,767
lobby,2,545
let,3,674
fred,1,512
first,3,778
visit,1,512
cancelled,1,512
order,3,582
governor,1,512
christie,1,512
dropped,1,512
fly,2,611
allow,1,512
performance,1,512
enhancing,1,512
rugs,1,512
man,2,673
cave,2,560
yoga,1,512
saying,1,513
see,4,712
popular,1,513
insisted,1,513
contract,2,786
longer,2,526
page,1,513
allowed,1,513
carry,2,707
item,1,513
ask,2,655
merger,1,513
case,2,513
must,2,519
always,2,747
opposing,1,513
side,3,700
every,2,637
wan,1,513
share,1,513
cab,1,513
alert,1,513
revolving,1,513
door,2,689
ahead,2,749
act,1,513
normal,1,513
success,1,513
presentation,1,513
depends,1,513
finding,1,513
three,1,513
seats,1,513
together,2,632
grow,1,514
sheriff,2,514
feel,3,520
like,4,785
going,3,531
motions,2,514
losing,2,514
gaining,2,514
sometimes,1,514
think,3,539
toying,1,514
tell,2,523
holding,1,514
hats,1,514
nope,1,514
still,3,630
forth,1,514
nowhere,1,514
head,2,544
carousel,1,514
chance,1,514
goodness,1,514
sake,1,514
piggy,1,514
bank,1,514
childhood,1,515
quickly,1,515
time,6,515
today,3,731
looks,3,785
afraid,2,602
bill,1,515
full,2,864
hour,1,515
forget,1,515
happened,1,515
last,3,595
session,1,515
ran,1,515
late,1,515
almost,2,676
want,3,793
pay,1,515
makes,1,515
believe,2,590
breakthrough,1,515
coming,2,766
concrete,1,516
plans,1,516
rest,1,516
drops,1,516
weight,1,516
worry,1,516
grave,1,516
better,3,857
give,3,763
short,1,516
version,1,516
duck,1,516
lunch,1,516
waiting,1,516
next,5,644
big,2,894
idea,2,537
hit,1,516
tragedy,1,516
soul,1,516
crushing,1,516
predictability,1,516
life,2,605
could,3,788
explain,1,516
god,2,714
clause,1,516
wanted,4,739
figuratively,1,516
pretty,2,766
sure,2,655
melissa,1,516
thought,3,577
get,4,855
tax,1,517
evasion,1,517
unethical,1,517
shot,2,618
jurors,2,517
four,1,517
seven,1,517
laugh,2,613
talk,1,517
death,2,761
penalty,1,517
stop,2,697
bringing,1,517
new,2,640
judge,1,517
looked,1,517
convinced,1,517
older,1,517
appointed,1,517
killed,1,517
acquittal,1,517
priors,2,517
problem,3,713
lose,1,517
leave,2,623
saddest,1,518
part,2,608
wrong,2,523
direction,1,518
annoying,1,518
vultures,1,518
land,2,626
awesome,1,518
minutes,2,676
quarter,2,813
guy,2,544
got,3,560
shipwrecked,1,518
wading,1,518
pool,2,854
lawrence,1,518
suburbia,1,518
survives,1,518
board,2,853
runs,1,518
credit,1,518
check,2,763
well,4,759
least,1,518
left,3,851
behind,1,518
specify,1,518
would,3,722
come,2,590
built,1,518
need,3,718
bigger,2,853
scooper,1,518
parents,2,893
never,3,771
picked,1,518
stance,1,519
migration,1,519
call,3,814
riding,2,519
shotgun,2,519
might,1,519
empty,2,520
nesters,1,519
sooner,1,519
great,1,519
endangered,2,519
mockingbird,1,519
gives,1,519
whole,1,519
meaning,1,519
personality,1,519
songs,1,519
memorable,1,519
bad,2,685
nice,2,872
species,1,519
list,4,688
dave,3,750
since,1,519
flying,1,519
danger,1,520
others,2,520
opened,1,520
eating,1,520
split,3,520
bruise,1,520
easier,3,707
comfortable,2,520
required,1,520
report,1,520
bruises,1,520
feeling,1,520
maybe,2,674
brutally,1,520
honest,1,520
accident,1,520
happen,1,520
blame,1,520
raining,1,521
wait,3,827
joining,2,521
wetness,2,521
protection,2,521
program,2,521
said,5,646
showers,1,521
doubled,1,521
contribution,1,521
pbs,1,521
kids,3,809
grown,1,521
downsize,1,521
fail,1,521
seen,2,691
mai,1,521
tai,1,521
tried,1,522
turning,1,522
sir,4,522
martini,1,522
screwdriver,1,522
monster,1,522
hand,2,522
license,1,522
says,2,726
organ,1,522
donor,1,522
requests,1,522
upstairs,1,522
try,2,826
creating,1,522
old,3,558
fashioned,1,522
eyes,3,526
requiring,1,522
else,1,522
run,1,522
hell,3,617
needed,2,829
alfred,1,522
watching,2,637
feed,1,522
birds,1,522
spleen,1,522
ordered,2,523
unfortunately,1,522
arm,1,522
leg,1,522
amazon,3,534
birthday,1,523
instead,1,523
care,1,523
mind,2,558
monkey,2,523
much,2,527
doo,1,523
fun,1,523
barrel,1,523
wine,2,589
argument,1,523
without,2,800
monkeys,1,523
elephant,3,810
room,5,558
everyone,2,810
gotten,1,523
apparently,1,523
george,1,523
curious,1,523
evolved,1,523
friends,1,523
picture,3,804
dammit,1,524
kill,3,819
smoking,1,524
touché,1,524
flambé,1,524
seems,1,524
reptile,8,651
dysfunction,6,651
licensed,1,524
small,3,548
arms,1,524
crap,1,524
harry,3,698
usual,1,524
dream,1,524
momma,1,524
knights,1,524
tiny,1,524
hands,1,524
trumpasaurus,1,524
trust,1,524
many,1,524
levels,1,524
hey,1,526
autocorrected,2,526
hula,1,526
excuse,1,526
miss,2,555
good,3,684
samaritan,2,526
wash,2,673
cold,2,660
water,3,630
cleaning,1,526
kitchen,2,533
asked,3,647
dangerous,1,526
lasts,1,526
hours,3,573
supposed,1,526
contact,1,526
theologian,1,526
away,3,533
profile,2,767
pic,1,527
either,2,527
voted,1,527
believed,1,527
observed,1,527
barn,1,527
questions,1,527
greetings,1,527
penis,1,527
probe,1,527
hardly,1,527
cows,1,527
speak,1,527
highly,1,527
surprised,1,527
john,2,802
really,2,574
changed,1,527
high,1,527
school,1,527
thank,2,669
quinoa,1,527
welcome,2,528
aboard,1,527
uranus,1,527
watchers,1,528
discuss,1,528
firing,1,528
architect,1,528
meeting,1,528
entertaining,1,528
motion,1,528
evacuate,1,528
hear,1,528
second,3,553
captain,1,528
assures,1,528
iceberg,1,528
orientation,1,528
concerned,1,528
company,2,758
heading,1,528
someone,2,785
straighten,1,528
understand,1,528
gravity,3,539
situation,3,539
appreciate,1,528
course,2,683
easy,1,529
realize,1,529
nothing,4,529
virtually,2,529
suspended,1,529
disbelief,1,529
pretend,2,529
build,1,529
wall,2,701
climb,1,529
overhead,1,530
consensus,1,530
wise,1,530
men,3,635
move,2,577
chair,1,530
according,1,530
doctor,1,530
longevity,1,530
improve,1,530
dramatically,1,530
throne,2,729
walk,1,530
king,4,660
lived,1,530
happily,1,530
severed,1,530
long,2,552
sharp,1,530
nephew,1,530
castle,2,806
news,3,844
queen,2,530
royal,1,530
rope,1,530
maker,1,530
disappeared,1,530
majesty,1,530
far,2,533
sword,1,530
brief,1,530
agreed,1,530
everything,2,645
latest,1,530
polls,1,530
show,1,530
hanging,1,530
thread,1,530
stay,1,531
tonight,2,831
zoo,1,531
traffic,1,531
light,2,763
home,3,711
elected,1,531
tough,1,531
proving,1,531
born,1,531
africa,1,531
wild,1,531
hot,2,681
ceiling,1,531
fan,1,531
things,2,634
worse,1,531
impressed,1,531
ark,1,531
outside,1,531
dinner,4,665
top,1,531
fridge,1,531
lions,1,531
called,2,892
young,2,829
lawn,1,531
eat,3,860
find,2,851
anyway,1,532
texting,2,532
yeah,2,763
exactly,1,532
settle,2,785
involving,1,532
insurance,2,532
mate,1,532
swimming,1,532
totally,1,532
jump,1,532
ironically,1,532
even,2,743
killer,1,532
whale,1,532
heavy,1,532
blubber,1,532
exchange,1,532
information,1,532
something,2,533
chef,2,760
trained,1,533
paris,1,533
metro,1,533
grand,2,722
central,1,533
station,1,533
arrange,1,533
violinist,1,533
table,2,767
restroom,1,533
located,1,533
enough,2,533
drinks,1,533
arrive,1,533
appetizers,1,533
entrees,1,533
dessert,2,636
coffee,2,585
sammy,1,534
wins,1,534
pet,2,534
contest,1,534
ate,2,652
entries,1,534
eve,2,534
office,2,534
searching,1,534
rats,2,611
escaped,1,534
subway,3,609
track,1,534
dining,1,534
softly,1,534
fish,2,562
may,2,621
goes,1,534
starts,1,534
singing,1,534
moray,1,534
fired,2,781
carrying,1,534
shredder,1,534
stuff,1,534
surfaris,1,535
release,1,535
tale,1,535
knew,1,535
marrying,1,535
mermaid,1,535
expect,1,535
live,2,596
bet,1,535
restaurant,1,535
shrimp,1,535
menu,3,589
love,3,594
hospital,1,535
switched,1,535
birth,1,535
wants,2,749
seat,2,638
fall,2,594
asleep,1,535
wearing,2,708
seatbelt,1,535
brought,2,665
extra,2,578
trunk,1,535
road,2,539
dipstick,2,536
impotence,1,536
control,2,653
parallel,1,536
parking,1,536
started,1,536
assembled,1,536
two,2,573
thousand,1,536
miles,3,536
breakdown,1,536
voices,2,544
attending,1,536
aaa,1,536
meetings,1,536
clowns,2,818
inside,6,632
charging,1,536
end,1,536
set,1,536
months,1,536
whichever,1,536
patent,3,537
expired,2,537
original,1,537
took,1,537
making,2,556
preserver,1,537
hope,1,537
discovers,1,537
fire,2,560
six,2,728
close,1,537
perfect,1,537
square,1,537
done,1,537
send,1,537
prison,1,537
learning,1,537
use,2,547
rock,3,881
hammer,1,537
came,2,746
ages,1,537
ago,2,655
hole,2,701
cat,3,640
person,2,544
opener,3,538
defense,1,538
neutering,1,538
requirement,1,538
condo,1,538
apologize,1,538
laser,1,538
thing,2,649
little,2,596
prick,1,538
giant,2,783
pussy,1,538
knows,1,538
operate,1,538
thimble,1,538
sofa,1,538
learn,1,538
fix,1,538
dies,1,538
around,2,563
ignore,1,538
anymore,1,538
realizes,1,539
gps,1,539
recalculating,1,539
less,2,539
traveled,1,539
moment,2,885
unfollow,1,539
seem,1,539
car,3,803
keys,1,539
taking,2,568
travelled,1,539
bluffing,1,539
bob,1,539
understands,1,539
gym,2,541
reaper,2,541
kidding,1,541
tickets,1,541
divorced,2,541
delighted,1,541
current,1,541
address,2,541
insulting,1,541
sends,1,541
intern,1,541
honey,2,685
dressed,1,541
harold,1,541
years,3,872
happy,1,541
washing,1,541
toaster,1,541
different,1,542
shoes,3,718
henry,1,542
surviving,1,542
wife,4,615
backwards,1,542
filters,1,542
went,2,542
waist,1,542
smaller,2,542
deployed,1,542
carriage,1,542
cart,1,542
nah,1,542
count,1,542
rings,1,542
definitely,1,542
pushing,1,542
butt,1,542
lord,1,542
hickey,1,542
night,1,542
lapel,1,543
pin,1,543
registered,1,543
farts,1,543
gorilla,1,543
finally,2,615
change,1,543
subject,1,543
seeing,1,543
republican,2,884
party,2,884
ransom,1,543
face,1,543
bigly,1,543
refuses,1,543
trump,2,653
rally,1,543
online,1,543
wear,2,638
button,1,543
people,3,553
clogged,1,543
toilet,2,703
given,1,544
declining,1,544
accuracy,1,544
bow,1,544
arrow,1,544
lucky,1,544
guys,2,881
apples,1,544
bethlehem,1,544
hmmm,1,544
albany,1,544
county,1,544
liked,2,544
heads,1,544
printers,1,544
pants,4,638
thinking,2,544
constant,1,544
fear,1,544
days,1,544
sex,1,544
amazing,1,545
start,2,545
ten,1,545
bucks,1,545
mentions,1,545
growth,1,545
hedge,1,545
fund,1,545
moving,1,545
plants,2,545
mexico,2,545
millennials,1,545
perennials,1,545
moved,1,545
plan,2,699
applauded,1,546
happening,1,546
eaten,1,546
ted,1,546
enjoyed,1,546
ship,1,546
horizon,1,546
gag,1,546
wishes,2,585
smart,2,752
sarcastic,1,546
sense,1,546
irony,1,546
also,2,865
boat,1,546
food,1,546
lsd,1,546
tree,1,546
underwear,1,547
pomp,2,547
crazy,1,547
circumstances,1,547
okay,2,680
circumstance,1,547
ones,1,547
shave,1,547
rain,1,547
parade,1,547
mile,1,547
turn,2,594
outfit,1,547
follow,1,547
majorettes,1,547
five,1,548
acres,1,548
popcorn,1,548
major,1,548
tom,1,548
fast,1,548
physics,2,548
enforce,2,548
step,3,548
vehicle,3,548
glitch,1,548
continuum,1,548
sign,1,548
sound,2,548
zone,1,548
speed,1,548
sirens,1,548
admire,3,549
restraint,4,549
value,1,549
election,1,549
casual,1,549
fridays,1,549
handcuffs,1,549
resume,2,549
institutions,1,549
includes,1,549
escape,1,549
actually,2,593
impressive,1,549
committed,1,549
line,1,550
department,1,550
chairs,2,550
meant,2,557
willing,1,550
relocate,1,550
looking,2,771
bit,1,550
aggressive,1,550
point,1,550
semicircle,1,550
gave,1,550
equality,1,550
martin,1,550
realized,1,550
facing,1,550
fierce,1,550
competition,1,550
ghost,1,550
writer,1,550
position,3,656
upgrade,1,550
business,2,694
interview,1,550
differently,1,550
pez,1,550
obviously,1,550
choice,2,550
row,2,551
wave,2,551
shall,2,551
overcomb,2,551
undertow,1,551
combover,1,551
ladies,1,551
gentlemen,1,551
gift,2,551
friendship,2,551
france,1,551
straight,1,551
russia,1,551
emigrating,1,551
mayday,1,551
raging,1,551
tycoon,1,551
twitter,2,757
storm,1,551
sea,3,552
noah,1,552
grey,1,552
poupon,1,552
confidence,1,552
google,1,552
maps,1,552
thanks,3,552
seasick,1,552
sick,1,552
drum,1,552
majorette,1,552
slow,1,552
delightful,1,553
coincidence,1,553
recently,1,553
single,1,553
week,3,731
corrupt,1,553
media,1,553
blow,1,553
proportion,1,553
hopefully,1,553
president,2,688
smoother,1,553
gay,1,553
wonder,1,553
donald,1,553
ringling,1,554
brothers,2,554
lehman,1,554
suits,1,554
costume,1,554
games,1,554
gets,3,647
rocks,1,554
sprayed,1,554
directly,1,554
confirmation,1,554
hearing,1,554
cabinet,1,554
positions,1,554
fill,3,863
whoever,1,554
hire,1,554
replace,1,554
kind,1,554
inauguration,1,554
tailor,1,555
fiber,1,555
stick,1,555
times,1,555
lifeguard,1,555
bingo,1,555
dummies,1,555
leap,1,555
mannequin,1,555
screaming,2,555
farewell,1,555
thrashing,1,555
dressmaker,1,555
however,1,555
delicious,1,555
french,2,745
maid,1,556
fission,2,556
chips,2,556
husband,2,556
die,1,556
died,1,556
meet,1,556
saran,1,556
wrap,1,556
heaven,1,556
gluten,1,556
farted,1,556
damned,4,557
naked,1,557
bake,1,557
oven,3,557
phew,1,557
pictured,1,558
kept,1,558
fine,2,639
mom,3,558
made,1,558
apartment,2,766
tomorrow,1,558
hate,2,733
year,2,786
ready,1,558
finish,1,558
peas,1,558
crib,1,558
real,1,559
pirate,1,559
cannonballed,1,559
shoot,1,559
truth,1,559
attitude,1,559
eye,1,559
expected,1,559
flawless,1,559
execution,2,559
hated,1,559
annoyed,1,559
swim,1,559
riddance,1,559
mankoff,1,559
fancy,1,559
bastard,1,559
cartoon,1,560
editor,1,560
yorker,1,560
wheel,2,683
divorce,2,790
afford,1,560
place,2,560
invented,1,560
invested,1,560
wheels,2,798
pit,1,560
pricey,1,560
doorman,1,560
prehistoric,1,560
money,2,829
lastly,1,561
father,1,561
mailman,1,561
licked,1,561
mine,2,572
open,3,632
superglue,1,561
offense,1,561
prefer,1,561
acoustics,1,561
squirrel,1,561
freshly,1,561
waxed,1,561
plate,1,561
glass,1,561
mint,1,561
worms,2,869
statues,1,562
hold,1,562
identify,1,562
raise,1,562
bar,2,591
missed,1,562
flight,2,823
adopted,1,562
photo,1,562
listen,1,563
cheap,1,563
desk,2,567
karma,1,563
thunk,1,563
hamsters,1,563
inherit,1,563
earth,3,839
roll,1,563
running,1,563
smoothly,1,563
maze,1,563
piety,3,563
treat,1,563
animals,1,563
nights,1,564
laptop,1,564
mouse,2,564
demanding,1,564
equal,1,564
prey,1,564
costco,1,564
buy,1,564
computer,1,564
ferguson,1,564
jenkins,1,564
misunderstood,1,564
reserve,1,564
hooters,2,564
refer,1,564
best,2,739
damn,2,765
owl,1,564
salesman,1,564
ever,2,624
met,3,662
baseman,1,564
name,2,603
wow,1,565
literally,1,565
mess,1,565
recommended,1,565
exorcism,1,565
exercise,1,565
immediately,1,565
ashes,1,565
magically,1,565
appear,1,565
disease,2,653
named,1,565
patient,3,826
confidentiality,1,565
seriously,1,565
handle,1,565
burning,1,565
exorcist,1,565
network,1,565
explains,1,566
relentless,1,566
hunt,1,566
tuna,1,566
ishmeow,2,566
canary,1,566
islands,1,566
misses,1,566
parrot,2,566
ahab,1,566
rehab,1,566
therapy,2,591
cost,1,566
mice,1,566
morning,1,566
rub,2,585
belly,1,566
persians,1,566
travel,1,566
ban,1,566
taken,1,567
hotel,1,567
sleeping,1,567
embraced,1,567
standing,1,567
early,2,834
murphy,1,567
bed,3,892
sleep,1,567
timeshare,1,568
begin,1,568
east,1,568
river,1,568
grammatically,1,568
indeed,1,568
vito,1,568
tells,2,568
leaving,2,781
organization,1,568
united,1,568
reconsidering,1,568
offer,1,568
plunge,1,568
bridge,1,568
drop,1,568
tied,1,568
assumed,1,568
yea,1,569
ney,1,569
anderson,1,569
air,3,847
indefinitely,1,569
recognize,1,569
atkins,1,569
reynolds,1,569
levity,2,569
memo,1,569
incoming,1,569
male,1,569
typo,1,569
davis,1,569
idiot,1,569
thompson,1,569
satellite,1,569
rethink,1,570
ringtone,1,570
normally,1,570
sufficient,1,570
squirrels,1,570
nuts,2,884
francis,1,570
tweeting,1,570
scatter,1,570
ground,1,570
cluster,1,570
flock,1,570
suet,1,570
favorite,1,570
rear,1,570
bathroom,3,571
key,3,571
free,2,614
shipping,1,571
arrgh,1,571
missing,1,571
assume,1,571
anchor,3,571
arrived,1,571
hook,1,571
hat,1,571
management,1,571
issues,1,571
pete,1,571
complain,1,571
lost,3,716
struggled,1,571
afloat,1,571
catch,2,680
heard,1,572
perfectly,1,572
adequate,1,572
lot,2,670
balls,1,572
size,1,572
matter,1,572
dollar,1,572
noodle,1,572
mixed,2,862
initialed,1,572
heineken,1,573
maneuver,1,573
hunch,1,573
placebo,2,876
group,2,876
blood,1,573
alcohol,1,573
dangerously,1,573
low,1,573
trumpcare,1,573
visiting,1,573
starting,1,573
staggering,1,573
catheter,1,573
bedpan,1,573
fraternity,1,573
doc,1,573
pils,1,573
cook,2,708
books,2,574
prime,1,574
rib,1,574
steaks,1,574
sitting,1,574
cooking,1,574
works,2,845
laundering,1,574
monday,1,574
cases,1,574
rare,2,622
often,1,574
portfolio,1,574
boss,1,574
burner,1,574
pick,2,582
pace,1,575
billing,1,575
experts,1,575
hostile,2,619
takeovers,1,575
sue,1,575
dawn,1,575
fee,1,575
unless,1,575
win,2,575
pillaging,1,575
screw,1,575
battle,1,575
appeal,1,575
field,1,575
littered,1,575
habeas,1,575
corpuses,1,575
genie,1,575
hoard,1,575
ruthless,1,575
feared,1,575
throughout,1,575
history,1,575
lawyers,1,575
cover,1,576
sting,2,576
operation,2,576
approve,1,576
jewish,1,576
wasp,1,576
white,2,661
house,4,722
press,1,576
briefings,1,576
caught,4,793
worst,1,576
hives,2,576
sec,1,576
buzz,1,576
deliver,1,577
concessions,1,577
working,1,577
winning,1,577
tacos,1,577
getaway,1,577
personal,1,577
stand,2,782
pizza,2,578
paparazzi,3,578
coverage,1,578
excellent,1,578
secretary,1,578
large,1,578
paparazi,1,578
ross,1,578
santa,1,578
monica,1,578
nobody,1,578
dine,1,578
scaramucci,1,578
box,2,648
kittens,1,579
estate,1,579
planner,1,579
inheritance,1,579
lump,1,579
sum,1,579
spread,1,579
nine,1,579
lives,2,745
dog,2,763
votes,1,579
royalty,1,579
means,2,718
heir,1,579
taxidermist,1,579
captured,1,579
reigning,1,579
cats,1,579
dogs,1,579
meanings,1,579
succession,1,579
canaries,1,579
resuslts,1,579
acting,2,580
guard,1,580
swinging,2,580
reign,2,580
crusades,1,580
technically,2,779
guarding,1,580
posts,1,580
push,1,580
wake,1,580
produced,1,580
heirs,1,580
hammacher,1,580
schlemmer,1,580
thinks,1,580
palace,1,580
dump,1,580
chilly,2,581
circumcision,1,581
symposium,1,581
worries,1,581
heavens,1,581
desert,1,581
tablets,1,581
sacrificial,1,581
lamb,1,581
sample,1,581
foreskins,1,581
thy,2,581
sweater,1,581
knitted,1,581
wool,1,581
train,2,827
beat,1,582
red,1,582
third,1,582
knock,1,582
breathing,1,582
gwendolyn,1,582
pedaling,1,582
restraining,1,582
bike,2,582
ride,2,713
arman,1,582
roberts,1,582
age,2,651
dear,1,582
enjoy,1,582
rides,1,582
suggestion,1,583
anonymous,1,583
ken,1,583
stocks,1,583
bonds,1,583
whatever,1,583
stock,2,583
option,2,583
phone,1,583
takeover,2,619
putting,1,583
art,2,583
clearly,1,583
penalties,1,583
withdrawal,1,583
chose,1,583
motivational,1,583
speaker,3,864
ceo,1,583
opinion,1,583
senate,1,584
committee,1,584
women,2,584
health,2,584
tags,1,584
council,1,584
sperm,1,584
action,1,584
lawsuit,1,584
clients,1,584
copy,1,584
wished,2,887
hundred,1,584
wilson,1,584
gone,1,584
viral,1,584
correct,1,584
accounting,1,584
loose,1,584
describe,1,584
jim,1,584
messing,1,584
printer,1,584
fixed,1,585
bagel,1,585
setting,1,585
parts,1,585
crumb,1,585
tray,1,585
cleaned,1,585
brewing,1,585
country,1,585
medium,1,585
dark,2,741
toasted,1,585
sesame,2,585
kid,2,585
wedding,1,585
supervisor,1,585
toast,3,585
master,2,585
awhile,1,585
gon,2,673
alien,1,586
dirt,1,586
pennsylvania,1,586
avenue,1,586
hurry,1,586
exist,3,646
vacuum,1,586
aliens,2,794
perform,1,586
jobs,1,586
americans,1,586
fact,1,586
leader,2,586
attachments,1,586
eureka,1,586
identifiable,1,586
object,1,586
forgery,1,587
pedestrian,1,587
headlights,1,587
exhibit,1,587
leaping,1,587
lane,1,587
interstate,1,587
powerful,1,587
contemplating,1,587
beautiful,1,587
frankly,1,587
rather,1,587
signs,1,587
warning,1,587
cars,1,587
hits,1,587
telling,1,587
siri,1,588
hunchback,2,588
notre,2,588
dame,2,588
religious,1,588
practically,1,588
fixture,1,588
church,2,876
watch,1,588
beats,1,588
living,2,615
tower,1,588
dating,1,588
temple,1,588
beth,1,588
shalom,1,588
awkward,2,687
bright,2,610
pigeon,1,588
quasimodo,1,588
quarterback,1,588
bells,1,588
bother,1,588
items,1,589
reading,1,589
entire,1,589
closed,1,589
sommelier,1,589
drag,1,589
lawyer,4,794
minute,1,589
grilled,1,589
griddled,1,589
blackened,1,589
broiled,1,589
sautéed,1,589
fried,1,589
braised,1,589
boiled,1,589
steamed,1,589
poached,1,589
smoked,1,589
fricasseed,1,589
tartare,1,589
regret,1,589
selection,1,589
carefully,1,589
options,1,589
summer,2,806
lascaux,1,590
kiss,1,590
security,1,590
deposit,1,590
goodbye,1,590
drawing,1,590
caption,1,590
extinct,1,590
couple,1,590
neanderthals,1,590
later,1,590
million,3,872
write,1,590
walls,1,590
meal,1,590
posting,1,590
methods,1,591
jungian,1,591
soap,3,591
patients,1,591
loofah,1,591
threatening,1,591
jung,1,591
couch,4,666
brand,1,591
immersion,1,591
washes,1,591
guilt,1,591
exfoliates,1,591
cleans,1,591
spend,1,591
twenty,1,591
filling,1,591
tub,1,591
brush,1,591
cleansing,1,591
transition,1,591
meditation,1,591
confirming,1,591
coworkers,1,591
diagnosis,1,591
psychosocial,1,591
skill,1,591
disorder,1,591
cured,1,591
clean,2,734
slate,1,591
wring,1,592
neck,1,592
answer,1,592
number,2,669
wisequacks,1,592
pwoblem,1,592
stwessed,1,592
weady,1,592
quack,1,592
bread,2,695
birdseed,1,592
experiment,2,730
successful,1,592
ducks,1,592
snap,1,592
fingers,1,592
breadcrumbs,1,592
park,2,623
training,1,592
served,1,593
papers,1,593
personally,1,593
final,1,593
notice,1,593
note,1,593
sharply,1,593
worded,1,593
messenger,1,593
received,1,593
metaphor,1,593
painfully,1,593
aware,1,593
terms,1,593
conditions,1,593
stab,1,593
relax,1,594
lumberjacks,1,594
shirts,1,594
plaid,2,594
honestly,1,594
initials,1,594
carved,1,594
ass,2,660
interest,1,594
treesome,1,594
weird,1,594
pollinate,1,594
kevin,1,594
cialis,1,594
commercial,1,594
hair,4,673
begins,1,594
color,1,594
eventually,1,594
falling,1,594
surprise,2,595
manager,2,595
fat,1,595
already,2,700
abominable,1,595
spring,1,595
frosty,1,595
staring,1,595
stops,1,595
cranking,1,595
thermostat,1,595
meltdown,1,595
holidays,1,595
definition,1,595
seasonal,1,595
help,2,694
asks,1,595
carrot,1,595
mon,3,596
taxes,3,607
bag,2,793
unattended,1,597
traveling,1,597
covers,1,597
tsa,1,597
screening,1,597
suitcase,2,597
checked,1,597
print,1,597
emotional,1,597
baggage,2,597
rome,1,597
italian,1,597
airline,1,597
loses,1,597
luggage,1,597
counting,1,597
packed,1,597
grabbed,1,597
excited,1,597
claim,1,597
fitness,1,598
guru,2,598
wisdom,1,598
mountain,2,657
retired,1,598
path,1,598
tighter,1,598
settled,1,598
bounced,1,598
turns,1,598
inner,1,598
peace,1,598
core,1,598
strength,1,598
enlightenment,2,603
trying,1,598
achieve,1,598
alignment,1,598
balance,1,598
mostly,1,598
staying,1,598
edge,1,598
question,2,732
misunderstanding,1,598
bally,1,598
lama,1,598
dreamt,1,599
judges,1,599
require,1,599
plastic,1,599
bracelet,1,599
known,1,599
unconditional,1,599
code,1,599
alarm,1,599
considered,1,599
risk,1,599
arrest,1,599
comfy,1,599
hurts,1,599
fashion,1,599
hoping,1,599
attachment,1,599
mission,1,600
accomplished,1,600
planet,4,874
inhabitants,1,600
friendly,1,600
playful,1,600
abduct,1,600
boy,2,812
jetson,1,600
agrees,1,600
rectal,1,600
noses,1,600
research,2,807
tail,1,600
movements,1,600
suggests,1,600
able,1,600
determine,1,600
earthlings,1,600
intelligent,2,600
tap,3,600
book,2,769
alive,1,601
biking,1,601
stages,1,601
peyote,1,601
kick,1,601
builds,1,601
hon,1,601
cactus,1,601
sill,1,601
relieve,1,601
following,1,601
hug,1,601
trees,1,601
cookie,1,602
tests,1,602
toothpicks,1,602
past,1,602
icing,1,602
confection,1,602
ginger,2,602
fracture,1,602
sugarcoat,1,602
seconds,1,602
dough,3,631
yeast,1,602
infection,1,602
discovered,1,603
preferred,1,603
brunch,1,603
true,2,732
arduous,1,603
truly,1,603
menus,1,603
everybody,1,603
deserve,1,603
reservations,1,603
reservation,2,695
miller,1,603
deli,1,603
meaningless,1,603
forty,1,603
fully,1,603
present,2,878
portrait,1,604
symbol,1,604
political,1,604
primitive,2,604
hunting,1,604
gathering,1,604
record,1,604
existence,1,604
tar,1,604
pits,1,604
hunter,1,604
gatherer,1,604
calling,1,604
painting,2,605
stairs,1,605
near,1,605
escher,1,605
demoiselles,1,605
avignon,1,605
mcmurrays,1,605
hackensack,1,605
imitating,2,605
creepy,1,605
masterpiece,1,605
pal,1,605
stupid,1,605
kinda,1,605
drawn,1,605
due,1,605
nea,1,605
budget,1,605
cuts,3,609
described,1,605
ethel,1,605
sister,1,605
irene,1,605
senior,1,606
simulations,1,606
pan,1,606
yep,1,606
passed,1,606
clouds,1,606
delta,1,606
lets,1,606
redeem,1,606
vouchers,1,606
stoned,1,606
mistook,1,606
weather,1,606
balloon,1,606
exhaust,1,606
semi,1,606
jack,2,737
till,1,606
beanstalk,1,606
wipe,1,606
windshield,1,606
cloud,3,757
circles,1,606
seated,2,606
plane,2,805
canyon,1,606
visible,1,606
view,1,606
touched,1,607
leaves,2,607
define,1,607
everyday,1,607
saw,1,607
kale,1,607
hard,1,608
transposing,1,608
fahrenheit,1,608
freezes,1,608
screen,1,608
donors,1,608
closely,1,608
banging,1,608
handel,1,608
played,1,608
beautifully,1,608
pressure,1,608
streaming,1,608
music,1,608
warmer,1,608
hissing,1,608
congregation,1,608
appoint,1,609
chris,1,609
transportation,1,609
transfer,1,609
blt,1,609
rarely,1,609
heroes,1,609
diet,1,609
kosher,1,609
relieved,1,609
outbid,1,609
trojan,1,609
wasted,1,609
service,1,609
proof,1,610
pudding,1,610
felony,1,610
arson,1,610
asking,1,610
gas,1,610
electric,1,610
stiff,1,610
eggs,2,834
letting,1,610
prepare,2,610
meth,1,610
steve,1,610
recipe,1,610
review,1,610
serve,2,695
chocolate,2,654
exceeded,1,610
expectations,1,610
tested,1,611
pharmaceuticals,1,611
date,2,635
sewer,1,611
rafting,1,611
clarify,1,611
newly,1,611
washed,1,611
investment,1,611
managers,1,611
pigeons,1,611
wings,1,611
dress,2,692
toss,2,793
textbook,1,612
depending,1,612
state,1,612
textbooks,1,612
suspect,1,612
deny,1,612
coroner,1,612
occurred,1,612
sometime,1,612
kansas,1,612
evolution,1,612
crime,1,612
theory,1,612
notify,1,612
kin,1,612
authorized,1,613
farce,1,613
necessary,1,613
suggest,1,613
talking,1,613
juggler,1,613
clown,1,613
public,1,613
defender,1,613
perp,1,613
artist,1,613
stchick,1,613
giraffe,1,613
canada,1,613
cop,2,613
funny,1,613
joking,1,613
play,2,891
lesson,1,614
zen,1,614
steinway,1,614
tuner,1,614
valley,1,614
inaccessible,1,614
secret,1,614
baby,2,857
craigslist,1,614
request,1,614
promise,2,614
delivery,1,614
lifetime,1,614
tunings,1,614
underwater,1,615
hang,1,615
fishing,1,615
hamptons,1,615
pier,1,615
nicer,1,615
mount,1,615
ball,1,615
thrown,1,615
chippendale,1,615
advised,1,616
client,5,786
corporate,1,616
inappropriate,1,616
touching,1,616
words,1,616
video,2,617
purgatory,2,617
fox,2,617
pitchfork,1,617
commercials,1,617
conditioning,1,617
pledge,1,617
drive,1,617
eternal,1,617
loop,1,617
boring,1,617
strangely,1,618
clock,3,880
enchanted,1,618
rainbows,1,618
presidency,1,618
unicorn,2,618
exists,1,618
common,2,651
black,1,618
figured,2,778
bagged,2,618
emu,1,618
safari,1,618
myth,1,618
pen,1,619
mightier,1,619
remove,1,619
pure,1,619
sales,1,619
mistake,1,619
axe,1,619
task,1,619
pull,2,619
stuck,2,838
copier,1,619
become,1,619
rightful,1,619
finance,1,619
test,1,619
drawer,1,619
damocles,1,619
world,3,624
candy,1,620
filled,1,620
cool,1,620
religion,1,620
predicted,1,620
somehow,1,620
imagined,1,620
judgement,1,620
gravitas,1,620
string,2,814
attached,1,620
harder,1,620
lower,1,620
billion,2,655
worried,1,620
global,1,620
warming,1,620
welder,1,621
wednesdays,1,621
interested,1,621
complimentary,1,621
alterations,1,621
rack,2,621
slightly,1,621
quite,1,621
riveting,1,621
steel,2,621
tariffs,1,621
armour,1,621
knight,2,668
town,1,621
limerick,1,621
buying,1,621
tight,1,621
crotch,1,621
cause,1,621
scream,3,868
kneel,1,621
buddy,1,622
street,2,622
cheese,3,667
express,1,622
trumpsters,1,622
places,1,622
lack,2,863
circulation,1,622
seals,1,622
flavor,1,622
saving,1,622
truck,1,622
meals,1,622
felt,1,623
leash,1,623
sniffing,1,623
tails,2,849
beagle,1,623
claims,1,623
silent,1,623
suggesting,1,623
kite,2,623
pooped,1,623
skye,1,623
terrier,1,623
airedale,1,623
borrow,1,623
decompose,1,624
member,1,624
agreement,1,624
susan,1,624
resting,1,624
skeletons,1,624
closet,1,624
biggest,3,624
funeral,2,624
streets,1,624
crowds,2,624
millions,1,624
sendoff,1,624
retrospect,1,624
relationship,1,624
eternity,1,624
fenway,1,625
jurassic,1,625
timing,3,645
club,1,625
neanderthal,1,625
moron,1,625
squatting,1,625
game,3,711
cleveland,1,625
series,1,625
throwback,1,625
uniforms,1,625
effect,1,625
kenny,1,625
driving,1,626
mustang,1,626
rodeo,1,626
bucked,1,626
absolutely,1,626
rattlesnake,1,626
ringer,1,626
tone,1,626
add,1,626
though,1,626
recommend,2,627
locally,1,627
sourced,1,627
screams,1,627
fork,1,627
pithy,1,627
critique,1,627
yelp,1,627
section,1,627
drafty,1,627
specials,1,627
canned,1,628
whaddya,1,628
friday,1,628
drink,2,700
worm,1,628
tequila,1,628
scotch,1,628
wrapped,1,628
watered,1,628
needs,1,628
breathe,1,628
children,1,628
mortgage,1,628
specific,1,629
climbing,2,629
therapist,1,629
boulder,1,629
racket,1,629
court,1,629
mouth,1,629
climbed,1,629
everett,1,629
geologists,1,629
college,1,629
career,1,629
stepping,1,629
stone,1,629
desperate,1,629
gore,1,630
inconvenient,1,630
recall,1,630
choosing,1,630
wade,2,780
decision,1,630
lounge,1,630
vote,1,630
moon,2,741
landing,1,630
hoax,1,630
roof,1,630
feet,2,728
trunks,1,630
tide,1,630
seafront,1,630
reach,1,630
iowa,1,630
frank,1,630
trip,1,631
ideally,1,631
rise,1,631
sit,1,631
cross,1,631
equator,1,631
spins,1,631
plenty,1,631
mouths,1,631
pepperoni,1,631
pocket,1,631
support,1,631
trick,4,648
adding,1,631
beside,1,632
russians,1,632
involved,1,632
detective,1,632
shake,1,632
fit,1,632
arrested,1,632
interrogated,1,632
footprints,1,632
tip,1,632
hiding,1,632
recess,1,633
ladder,1,633
embarrassing,1,633
front,1,633
recreational,1,633
pot,1,633
legal,2,794
dad,3,716
ballet,1,633
half,1,633
somewhere,1,633
swing,1,633
offered,1,634
franchise,1,634
pyramid,2,634
scheme,1,634
hotdogs,1,634
safe,1,634
contains,1,634
preservatives,1,634
vendors,1,634
ancient,1,634
tut,1,634
sarcophagus,1,634
steep,1,634
wrote,1,635
aged,4,635
clearer,1,635
mention,1,635
glasses,3,862
usually,1,635
laundry,1,635
younger,1,635
panned,1,635
potato,1,636
salad,1,636
overalls,1,636
whaddaya,1,636
defy,1,636
assignments,1,636
helps,1,636
decide,1,636
smoker,1,636
yonkers,1,636
relation,1,636
leaf,1,637
rake,1,637
raker,1,637
simulating,1,637
discovery,1,637
simply,1,637
blowing,1,637
yards,1,637
earlier,1,637
yard,1,637
collection,1,637
velvet,1,637
grain,2,637
paint,2,894
dry,1,637
neighborhood,1,637
controls,1,638
remote,1,638
informercial,1,638
pair,1,638
hoveralls,1,638
otto,1,638
hannah,1,638
palindrones,1,638
puppy,1,638
attracting,1,638
type,1,638
helicopter,1,638
forgave,1,638
affair,1,638
earl,1,639
cowlick,1,639
doors,1,639
growing,1,639
lied,1,639
profiles,1,639
combing,1,639
area,1,639
princess,1,639
rescued,1,639
story,1,639
prince,1,639
comb,1,639
thick,1,639
clear,1,639
cow,1,639
plant,1,639
magic,2,749
beans,1,639
tie,1,639
knot,1,639
smell,2,640
jaguar,2,640
rental,1,640
shop,1,640
furrari,1,640
rich,1,640
grab,1,640
self,2,868
statistically,1,640
safer,1,640
mousebroken,1,640
bucket,1,640
rug,1,641
assembly,1,641
staff,1,641
leadership,1,641
hello,1,641
border,2,641
collie,2,641
ideal,1,641
peep,1,641
elevator,2,704
kit,1,641
sent,1,641
roaming,1,641
charges,1,641
housekeeping,1,641
linda,1,642
suddenly,1,642
entered,1,642
hallucinatory,1,642
phase,2,741
desserted,1,642
alley,2,642
jerry,1,642
carol,1,642
dieting,1,642
log,1,642
hallucinations,1,642
mode,1,642
louise,1,642
avoid,1,642
carbs,1,642
aggressively,1,642
pursued,1,642
giving,1,642
crepes,1,642
cake,7,654
mirages,1,642
began,1,642
baker,1,642
patty,1,642
sounds,1,643
song,2,710
conductor,1,643
piece,3,644
dedicated,1,643
cellphone,1,643
musical,1,643
interpretation,1,643
gershwin,1,643
rhapsody,1,643
blue,2,672
location,2,645
previous,1,645
owners,1,645
sweet,1,645
elderly,1,645
tad,1,645
property,1,645
retirement,1,645
community,1,645
golf,1,645
perhaps,1,645
directions,1,646
shit,1,646
camera,3,647
experience,1,646
walked,2,646
flirting,1,646
unplug,1,646
phones,1,646
exact,1,648
accomplice,3,648
magician,3,648
assistant,3,648
firm,1,648
georgia,1,648
ballot,2,648
learned,2,648
folks,2,669
florida,2,648
gentleman,1,648
transform,1,648
ordinary,1,648
federal,1,648
demonstrate,1,648
backyard,1,649
ruled,1,649
suicide,1,649
tea,1,649
kettle,1,649
lamp,1,649
paying,1,649
ways,1,649
vibrator,1,649
dinah,1,649
chip,2,650
shoulder,2,650
delusional,1,650
depression,1,650
obsession,1,650
compression,1,650
crush,1,650
obvious,1,650
roadrunner,1,650
coyote,1,650
erectile,1,650
panic,1,651
apart,1,651
contractions,2,651
dysfuntion,1,651
disfunction,1,651
noticed,1,652
lifesaver,1,652
savers,1,652
lifesavers,1,652
palm,1,652
tire,1,652
driftwood,1,652
macarooned,1,652
oldest,1,652
shark,1,652
saver,1,652
nominee,1,653
centers,2,653
mike,1,653
barbara,1,653
introduce,1,653
wasps,1,653
bug,1,653
sucking,1,653
parasite,1,653
disagree,1,653
exposed,1,653
skin,1,653
implies,1,653
consent,1,653
camping,1,653
lab,4,730
females,1,653
bite,1,653
males,1,653
cancel,6,654
molten,1,654
lava,7,654
skip,1,654
pardon,1,654
waiter,1,654
appears,1,654
soup,1,654
respond,1,655
allegations,1,655
bipolar,1,655
poles,1,655
trouble,1,655
voters,1,655
completely,2,655
guarantee,2,655
twelve,2,655
opponent,3,655
opposite,1,655
tends,1,655
map,1,655
issue,1,655
constantly,1,656
changing,2,756
fortunately,1,657
pop,1,657
psychologist,1,657
york,1,657
discouraging,1,657
word,2,837
cowhand,1,657
irving,1,657
goldstein,1,657
brooklyn,1,657
possibility,1,657
comin,1,657
round,2,657
accept,1,657
occasional,1,657
frequent,1,657
sorrow,1,657
rabbi,1,657
friedman,1,657
lonesome,1,657
whistle,1,657
quiet,1,658
mail,1,658
delivered,1,658
girl,2,658
pat,1,658
reporting,1,658
worked,1,658
feels,1,658
dying,1,658
stan,1,658
attacked,1,658
fedex,1,658
evaluation,1,658
lunchtime,1,658
counter,2,659
space,2,659
rubber,1,659
seal,1,659
broke,1,659
pregnant,1,659
process,2,659
hamilton,1,659
beach,1,659
pulse,1,659
crown,1,660
jewels,1,660
optimistic,1,660
pain,2,660
experiencing,1,660
midas,1,660
crabs,1,660
pleased,1,661
announce,1,661
dopey,2,661
pursue,1,661
chief,1,661
relief,1,661
sisters,1,661
grouchy,1,661
attorney,2,664
general,1,661
wealthy,1,661
usc,1,661
application,1,661
skate,1,661
caucasian,1,661
persons,1,661
gatherers,1,662
opera,1,662
hun,1,662
viking,2,662
cruise,1,662
progress,1,662
minnesota,1,662
razed,1,662
village,1,662
clubbing,1,662
toppings,2,663
mood,1,663
omg,1,663
piazza,1,663
basil,1,663
olive,1,663
disappear,2,664
reappear,2,664
jury,1,664
wand,1,664
volunteer,1,664
audience,2,831
prosecuting,2,664
rabbit,1,664
evidence,1,664
referring,1,664
lovely,1,664
justice,1,664
states,1,664
deep,1,665
serving,1,665
fresh,1,665
assure,1,665
walking,1,665
massage,1,665
consuming,1,665
carryout,1,665
urologist,1,666
charged,1,666
uou,1,666
oral,2,666
fixation,2,666
lip,2,666
ear,1,666
kissing,1,666
famous,1,666
freudian,1,666
suppose,1,666
tongue,1,666
sold,2,777
separately,1,667
sponsored,1,667
ikea,1,667
trap,1,667
testing,2,667
intelligence,1,667
marriage,1,667
save,1,667
remind,1,667
prevent,1,667
alzheimer,1,667
burned,1,668
puff,1,668
slip,1,668
flammable,1,668
mythed,1,668
breath,1,668
cough,1,668
slay,1,668
damsels,1,668
sorts,1,668
distress,1,668
crawling,2,669
awake,1,669
guests,1,669
skipped,1,669
america,1,669
tuning,1,669
monitor,1,669
armstrong,1,670
mistaken,1,670
lance,1,670
portion,1,670
whew,1,670
rustier,1,670
cycling,1,670
crusade,1,670
commute,1,670
substitute,1,670
teacher,1,670
seventh,1,670
grade,1,670
humans,1,671
partner,1,671
sapiens,1,671
ice,2,765
acupuncture,1,671
happens,2,861
sneeze,1,671
spraying,1,671
waited,1,671
idiots,1,671
prescribe,1,672
rodent,1,672
scholar,1,672
medical,1,672
receptionist,1,672
hall,1,672
rat,1,672
effects,3,700
conditioner,1,673
body,1,673
shower,1,673
drain,1,673
cut,1,673
braided,1,673
admit,3,771
outta,1,673
scared,2,674
cleaner,1,674
peed,1,674
mister,1,674
bark,1,674
bejeezus,1,674
quentin,1,674
sniff,1,674
outrun,1,674
chase,1,674
atmosphere,1,675
oddly,1,675
suited,1,675
marine,1,675
biology,1,675
fascinating,1,675
rocket,1,675
science,1,675
moonshine,1,675
bean,1,675
dip,1,675
greg,1,675
designated,1,675
driver,1,675
grill,1,676
chicken,1,676
gather,1,676
per,1,676
pound,1,676
potatoes,1,676
simple,1,676
inventing,1,676
discover,1,676
invite,1,676
neighbors,2,676
leftover,1,677
salmon,6,680
dish,1,677
return,1,677
chasing,1,677
dot,1,677
laughing,1,677
gary,1,677
post,1,677
videos,1,677
internet,1,677
inexplicably,1,677
woke,1,677
fingertips,1,677
smelled,1,677
ahi,1,677
controlling,1,677
human,1,677
priceless,1,677
kitten,1,677
liver,1,677
pate,1,677
pavlov,1,677
command,1,677
wind,1,678
shows,1,678
national,2,821
geographic,1,678
wag,1,678
kama,1,678
sutra,1,678
hugger,1,678
gerald,1,678
screwed,1,678
righty,1,678
tighty,1,678
lefty,1,678
loosey,1,678
entanglement,1,678
supplicants,2,679
surround,1,679
assemble,1,679
caucus,1,679
sire,3,679
thorns,1,679
surrounded,1,679
pricks,1,679
seeking,1,679
branches,1,679
armor,1,679
peasants,1,679
offerings,1,679
bounty,1,679
harvest,1,679
tinge,1,679
sarcasm,1,679
liege,1,679
albuquerque,1,679
beheaded,1,679
groundskeeper,1,679
maintenance,1,679
war,1,679
roses,1,679
checking,1,680
beer,3,765
wheat,1,680
wet,1,680
bear,1,680
mobster,2,681
larry,1,681
invitation,1,681
pinch,1,681
bands,1,681
wore,1,681
shorts,1,681
claude,1,681
introducing,1,681
maine,1,681
squeeze,1,681
claws,1,681
wooden,1,681
mallet,2,861
crabby,1,681
shellfish,1,681
coded,1,681
language,1,681
autumn,1,682
congratulations,2,764
branch,3,867
deciduous,1,682
led,1,682
november,1,682
problems,1,682
mulch,1,682
fortune,1,683
brings,1,683
discovering,1,683
within,1,683
brownstones,1,683
stopped,1,683
publicly,1,684
phil,1,684
jeff,1,684
posted,1,684
sites,1,684
besides,1,684
smith,1,684
clinical,1,684
trial,1,684
diversity,2,754
team,2,875
resources,1,684
term,1,684
calm,1,685
squeezed,1,685
waffle,1,685
survival,1,685
instinct,1,685
dead,3,819
ocd,1,685
spout,1,685
moose,1,685
yellow,1,685
cap,1,685
slower,1,685
molasses,1,685
nearby,1,685
careful,1,685
viscous,1,685
deal,1,686
arthur,1,686
chick,1,686
takes,1,686
lift,1,686
finger,1,686
hatches,1,686
kidney,1,686
lay,1,686
healthy,1,686
macy,1,687
inflated,1,687
ego,1,687
resemblance,1,687
uncanny,1,687
likeness,1,687
imagine,1,687
etched,1,687
deflates,1,687
cells,1,687
swabbed,1,687
prints,1,688
tweets,1,688
stare,1,688
chest,1,688
proudest,1,688
names,1,688
medals,1,688
stationed,1,688
cvs,1,688
drugs,1,688
madam,1,688
price,2,803
freedom,1,688
kosovo,1,688
paper,4,881
bureaucratic,1,688
valor,1,688
bosses,1,688
became,1,688
grocery,1,688
nuclear,2,777
codes,1,688
chivalry,1,689
citation,1,689
bravery,1,689
slayed,1,689
wagon,1,689
glanced,1,689
spotted,1,689
ticket,1,689
surely,1,689
joust,1,689
charger,1,689
possibly,1,689
lancer,1,689
perps,1,689
sedan,1,689
dragon,1,689
slew,1,689
impala,1,689
law,1,690
sucks,1,690
oxygen,1,690
penthouse,1,690
psychiatry,1,690
huh,1,690
agree,1,690
fragrance,1,690
spritzers,1,690
insistent,1,690
shuttle,1,690
scarves,1,691
northern,1,691
accidentally,1,691
snowman,1,691
rid,1,691
listed,1,691
freezer,1,691
airbnb,1,691
armless,1,691
snowpeople,1,691
snowmen,1,691
squall,1,691
jacket,1,692
granny,1,692
surprising,1,692
practical,1,692
zebra,1,692
teeth,2,838
ewe,3,750
primaries,1,692
hmmmmm,1,693
filed,1,693
offers,1,693
submitted,1,693
response,1,693
dose,1,693
hurt,1,693
feelings,1,693
accompany,2,694
spent,1,694
shoveling,1,694
shovel,3,694
evening,1,694
special,2,831
family,1,694
enjoying,1,694
christmas,1,694
gifts,1,694
ooo,1,694
tempo,1,694
sidewalk,1,694
friend,1,694
nancy,1,694
traded,1,694
guitar,1,694
blower,1,694
slot,1,695
loaf,1,695
arrives,1,695
greatest,2,695
poptarts,1,695
breakfast,1,695
toasts,1,695
ring,3,771
hank,1,696
swear,1,696
fad,1,696
break,1,696
bunch,1,696
hungry,1,696
pig,1,696
barbecue,1,696
ranch,1,696
dressing,1,696
spoon,1,696
tourists,1,696
offhand,1,696
read,1,696
effective,2,697
elevated,1,697
tracks,1,697
finds,1,697
staten,1,697
island,1,697
ferry,1,697
port,1,697
authority,1,697
matey,1,697
pirates,1,697
penzstation,1,697
yell,1,697
crowded,1,697
splash,1,697
england,1,698
blend,1,698
highness,1,698
complaining,1,698
ancestry,1,698
results,1,698
ridiculous,1,698
frog,1,698
editors,1,698
formerly,1,698
underlying,1,699
tier,1,699
iii,1,699
acrophobia,1,699
claustrophobia,1,699
crushed,1,699
freud,1,699
rent,2,719
manhattan,1,699
medicare,1,699
certified,1,699
multiple,1,699
personalities,1,699
separate,1,699
familiar,1,700
suppositories,1,700
drowsy,1,700
include,1,700
shortness,1,700
horseness,1,700
policy,1,700
rider,1,700
hay,1,700
aisle,1,700
considering,1,701
ordering,1,701
several,1,701
poison,1,701
temporarily,1,701
shut,1,701
afternoon,1,701
product,1,702
smidgeon,2,702
ralph,1,702
trim,1,702
sides,1,702
feathered,1,702
pantene,1,702
dove,1,702
lark,1,702
stool,1,702
connection,1,702
social,1,702
distancing,1,702
glad,1,702
pony,1,702
bird,2,710
tables,1,703
encourages,1,703
purse,1,703
somebody,1,703
whether,2,703
alligator,1,703
crocodile,1,703
customer,1,703
flooring,1,703
tiles,1,703
customers,1,703
wifi,1,703
lots,1,703
reasons,1,703
swamp,1,703
flushed,1,703
odds,1,703
coronavirus,1,703
neither,1,704
plays,1,704
orchestra,1,704
mezzanine,1,704
brass,1,704
percussion,1,704
tubas,1,704
crowd,1,704
tall,1,705
salted,1,705
caramel,1,705
macchiato,1,705
organic,1,705
almond,1,705
milk,1,705
alright,1,705
smells,1,705
decaf,1,705
espresso,1,705
shots,1,705
americanos,1,705
unfiltered,1,705
styrofoam,1,705
cups,1,705
hombres,1,705
avocado,1,705
zeke,1,705
california,1,705
armed,1,705
mugs,1,705
duke,1,706
ellington,1,706
forever,1,706
month,1,706
approach,1,706
quietly,1,706
depart,1,706
wondered,1,706
stayed,1,706
encouraging,1,706
woods,1,706
covered,1,706
urban,1,706
jungle,1,706
actual,1,706
metrocard,1,706
trains,1,706
joyce,1,707
deemed,1,707
essential,1,707
ordinarily,1,707
mask,1,708
walmart,1,708
alexa,2,818
knife,1,708
rust,1,708
dishes,1,708
ebay,1,708
masks,1,708
pressed,1,709
kellyanne,1,709
flames,1,709
smoke,1,709
stairway,1,709
humming,1,710
nest,1,710
bluegrass,1,710
binoculars,1,710
gibson,1,710
rockin,1,710
robin,1,710
south,1,710
nashville,1,710
toured,1,710
sheryl,1,710
crow,1,710
fricking,1,711
forward,1,711
catcher,1,711
cure,1,711
football,1,711
season,1,711
bases,1,711
loaded,1,711
mlb,1,711
rooms,1,711
sports,1,711
package,1,711
identified,1,712
precise,1,712
shove,1,712
acts,1,712
reason,1,712
negotiation,1,712
barring,1,712
unforeseen,1,712
complications,1,712
yer,1,713
circus,1,713
presidential,1,713
administration,1,713
convention,2,787
pulls,1,713
politician,1,713
difference,1,713
source,1,713
noises,1,713
attire,1,713
faster,1,713
willow,1,714
consumed,1,714
thoughts,1,714
ninth,1,714
snuffles,1,714
regretted,1,714
declawed,1,714
suggested,1,714
bottom,1,714
dresser,1,714
litter,1,714
ignoring,1,714
remain,1,714
aloof,1,714
nip,1,714
wears,1,714
egg,1,715
beaten,1,715
humpty,1,715
fell,1,715
hindsight,1,715
laid,1,715
greater,1,715
shell,1,715
chicks,1,715
horses,1,715
outstayed,1,716
listing,1,716
pounds,2,716
toe,1,716
takeout,1,716
lox,1,716
cream,2,868
bedroom,1,716
misheard,1,717
realtor,1,717
draft,1,717
whadya,1,717
horns,1,717
downstairs,2,717
brownies,1,717
zookeeper,1,717
complained,1,717
approval,1,718
laces,1,718
genius,1,718
tracking,1,718
nailed,1,718
suspicions,1,718
proved,1,718
mare,1,718
dude,2,728
horse,4,882
match,1,718
horseshoes,1,718
ruby,1,718
slippers,1,718
suede,1,718
whites,1,719
suburbs,1,719
washer,1,719
dryer,1,719
downside,1,719
monthly,1,719
paid,1,719
quarters,2,813
owner,2,893
unload,1,719
stabilized,1,719
cents,1,719
residents,1,719
soothing,1,719
heels,1,720
blind,1,720
site,1,720
stated,1,720
strong,1,720
upwardly,1,720
mobile,1,720
persistent,1,720
sounded,1,720
bolder,1,720
struggle,1,720
towel,1,720
uphill,1,720
complete,1,721
sweetie,1,721
mommy,1,721
pee,1,721
remembered,1,721
carve,1,721
negative,1,721
twice,1,721
likes,1,721
playing,1,722
requested,1,722
fiddler,1,722
piano,2,722
tune,1,722
drone,1,722
convenient,1,722
throw,2,894
confused,1,722
alarmed,1,722
damage,1,722
minor,1,722
orchestrated,1,722
woofer,2,723
album,1,723
doorbell,1,723
notes,1,723
hootie,1,723
blowfish,1,723
treats,1,723
favor,1,723
projects,1,723
except,1,723
keeps,1,723
scales,1,723
thesaurus,1,724
mary,1,724
uncle,1,724
bookstores,1,724
archaebpteryx,1,724
spelled,1,724
phrase,1,724
hilariously,1,724
paleo,1,724
publishing,1,724
dinosaur,1,724
voracious,1,724
reader,1,724
via,1,725
zoom,1,725
blueberry,1,725
skirt,1,725
lederhosen,1,725
fuji,1,725
background,1,725
paved,1,725
leading,1,725
cherry,1,725
throws,1,725
helmet,1,725
infringes,1,725
liberty,1,725
william,1,725
lesser,1,725
maraschino,1,725
coke,1,725
mentos,1,725
challenge,1,725
visitation,1,725
privileges,1,725
choose,1,726
minds,1,726
mojitos,3,726
harmless,1,726
bothering,1,726
closest,1,727
range,1,727
nearest,1,727
cable,1,727
ambiance,1,727
abundance,1,727
expanding,1,727
census,1,728
agreeing,1,728
remotely,1,728
paradise,1,728
student,1,728
loan,1,728
mormon,1,728
virtual,1,728
active,1,728
overthrown,1,729
swayed,1,729
winter,1,729
discount,1,729
tent,1,729
ottomans,1,729
swingin,1,729
flärdthröne,1,729
website,1,729
assembling,1,729
cup,1,729
holder,1,729
commenting,1,730
katz,1,730
dent,1,730
using,1,730
bleach,1,730
eradicating,1,730
infestation,1,730
honor,3,732
wondering,1,730
importance,1,730
cheddar,2,730
chedar,1,730
wisconsin,1,730
professor,2,730
morgan,1,730
trials,1,730
genetic,1,730
create,1,730
serum,1,730
respect,1,731
helen,1,731
crappy,1,731
china,1,731
corner,1,731
scratch,1,731
surface,1,731
dig,2,731
deeper,2,731
buried,1,731
couples,1,731
melania,1,731
slept,2,732
witness,4,732
threaten,1,732
stuffing,1,732
admits,1,732
defendant,1,732
questioning,1,732
sewn,1,732
although,1,732
insists,1,732
rephrase,1,732
fuzzy,2,732
wuzzy,1,732
herd,1,733
immunity,1,733
attempt,1,733
unstick,1,733
breeding,1,733
velcro,1,733
wolves,2,733
clothing,1,733
demand,1,733
counted,1,733
fleece,1,733
navidad,1,733
joke,1,733
extremely,1,733
makin,1,734
fighting,1,734
sings,1,734
flush,1,734
figure,1,734
thirty,1,734
stayin,1,734
ends,1,735
tiers,2,735
vanilla,1,735
stripper,1,735
married,1,735
tart,1,735
ceremony,1,735
pieces,1,735
layers,1,735
edith,2,735
whoa,1,735
huge,1,735
advocate,1,736
power,1,736
randy,1,736
fossil,1,736
fuel,1,736
destiny,1,736
doomed,1,736
future,1,736
courtship,1,736
display,1,736
toy,1,736
herbert,1,736
evolve,1,736
secure,1,737
stalker,1,737
hacked,1,737
spill,1,737
invited,1,737
expert,1,737
unexpected,1,737
returns,1,737
host,1,737
abduction,1,738
valuable,1,738
collecting,1,738
raking,1,738
pile,1,738
useless,1,738
form,1,738
accepted,1,738
misinterpreted,1,738
interplanetary,1,738
explorer,1,738
discreetly,1,738
gathers,1,738
gutters,1,738
mastered,1,739
rescue,1,739
charge,2,740
bought,3,771
ended,1,740
owning,1,740
scarf,1,740
approaching,1,740
hired,1,740
assured,1,740
mondays,1,740
thursdays,1,740
tending,1,740
henhouse,1,740
fooled,1,741
sky,1,741
winking,2,741
emoji,1,741
curtains,1,741
luna,1,741
tic,1,741
mets,1,742
watercolor,1,742
gallery,1,742
charcoal,2,742
impression,1,742
watercolors,1,742
charcoals,1,742
rauschenburger,1,742
police,1,742
level,1,743
listening,1,743
trophy,1,743
lionize,1,743
dentist,1,743
reminds,1,743
gynecologist,1,743
pilgrim,1,744
otherwise,1,744
impossible,1,744
lick,1,744
thermometer,1,744
cone,1,744
compliance,1,744
mileage,1,744
vet,1,744
seminary,1,744
blocks,1,745
roads,1,745
traced,1,745
slime,1,745
trail,1,745
cruz,1,745
chefs,1,745
standby,1,745
disaster,1,745
moves,1,745
local,1,745
expecting,1,745
variant,1,745
forgot,1,746
circle,1,746
homo,1,746
erectus,1,746
marry,1,746
creative,1,746
schemes,1,746
kilt,1,747
reverse,1,747
mortgages,1,747
unexpectedly,1,747
angry,1,747
smiling,1,747
grandson,1,747
neighbour,1,747
waves,1,748
wales,1,748
study,1,748
joint,1,748
deletes,1,749
moments,1,749
poured,1,749
onto,1,749
balcony,1,749
cages,1,749
pulled,1,749
drapes,1,749
renault,1,749
balconies,1,749
juggling,1,749
penguins,1,749
brick,1,749
gorgonzola,1,749
mitzvah,1,749
barked,1,750
cotton,1,750
bale,1,750
rule,1,750
herding,2,750
refuse,1,750
budge,1,750
direct,1,750
snowing,1,751
boyfriend,1,751
regretting,1,751
burrito,1,751
vaccine,1,751
needle,1,751
sequels,1,752
unabridged,1,752
movie,2,752
illiterate,1,752
uncomfortable,1,752
literary,1,752
harassment,1,752
animal,1,753
ishmael,1,753
employee,1,753
melville,1,753
dick,1,753
chased,1,753
pages,1,753
cereal,1,753
salt,1,753
recruit,1,754
chute,1,754
shape,2,754
columbus,1,754
workplace,1,754
pole,1,754
robert,1,755
mammoth,1,755
vegan,1,755
meat,2,755
cooked,1,755
myles,1,755
pandemic,1,755
ending,1,755
repainted,1,756
failed,1,756
furniture,1,756
adapts,1,756
environments,1,756
partly,1,757
cloudy,1,757
rage,1,757
banned,2,757
bunny,2,757
universe,1,757
facebook,1,757
upload,1,757
ugly,1,757
hates,1,757
steals,1,757
thunder,1,757
exterior,1,758
rehired,1,758
consultant,1,758
unbelievable,1,758
spaces,1,758
til,1,759
batteries,1,759
weekend,1,759
certain,1,759
taxidermy,1,759
earthworm,1,759
suspicious,1,759
compote,1,760
lousy,1,760
rubbish,1,760
curb,1,760
sampling,1,760
fair,1,760
remains,1,760
retainer,1,760
monsieur,1,760
pairing,1,760
steak,1,760
ketchup,1,760
legally,1,761
refreshments,1,761
dozen,1,761
lemons,1,761
cheaper,1,761
foods,1,761
returning,1,761
lemonade,1,761
farm,1,761
scythe,1,761
app,1,761
specialty,1,761
desserts,1,761
blooded,1,762
belong,1,762
upper,1,762
starters,1,762
hamster,1,762
powering,1,762
texas,1,762
hare,1,762
race,1,762
loaner,1,763
corn,1,763
condiments,2,763
estimate,2,763
condiment,1,763
packages,1,763
eight,1,763
ballpark,2,763
topped,1,763
buns,1,763
rotated,1,763
uber,1,764
eats,1,764
sprinkle,1,764
reset,1,764
password,1,764
sage,1,764
advice,1,764
tank,1,764
completed,1,764
spirit,1,764
refund,1,764
monkfish,1,764
answers,1,764
bowl,2,779
marcus,1,765
message,1,765
bottle,2,792
requesting,1,765
contained,1,765
crucial,1,765
climate,1,765
bites,1,765
poorly,1,765
fran,1,766
tuba,1,766
remark,1,766
knocking,1,766
disturb,1,766
noise,2,766
roomba,1,766
bagpipes,1,766
nobel,1,767
prize,1,767
tablecloth,1,767
accountant,1,767
exciting,1,767
girls,1,768
interrupting,1,768
rescues,1,768
protect,1,768
flame,1,768
doubles,1,768
tired,1,768
readers,1,769
digest,2,784
signing,1,769
greet,1,769
spider,1,769
flies,1,769
escalated,1,769
croc,1,769
author,1,769
extend,1,770
warranty,1,770
adventure,1,770
capitalist,1,770
whining,1,770
destination,1,770
layer,1,770
molehill,1,770
pass,1,770
elevations,1,770
dollars,1,771
dime,1,771
moral,1,771
compass,1,771
luck,1,771
towards,1,772
expire,1,772
bus,2,772
kills,1,772
bacon,1,772
choked,1,772
ǝɥʇ,1,773
ɹǝpɹo,1,773
uoᗡ,1,773
turned,2,831
cheers,1,773
bottoms,1,773
sticky,1,773
rice,1,773
umbrellas,1,773
australia,1,773
marked,1,774
spot,1,774
sight,1,774
sore,1,774
reorganization,1,774
plank,1,774
booty,2,774
opening,1,775
genesis,1,775
ironic,1,775
meteoric,1,775
closing,1,775
troubles,1,775
seemed,1,775
proposed,1,776
written,1,776
mortician,1,776
basement,1,776
garage,1,776
luxury,1,776
bundled,1,776
auto,1,776
pinups,1,776
sourdough,1,776
mechanic,1,776
kim,1,777
selling,1,777
gun,1,777
aircraft,1,777
carrier,1,777
weeks,1,777
musicians,1,777
paperwork,1,777
glove,1,777
title,1,777
manual,1,777
launch,1,777
wood,1,778
woodchuck,1,778
chuck,1,778
sell,1,778
solve,1,778
crossing,1,778
interns,1,778
schroedinger,1,778
hens,1,778
rooster,1,778
narrowed,1,778
possibilities,1,778
lid,1,779
sobered,1,779
goldfish,2,779
hydrant,1,779
fool,1,779
landlord,1,779
guppy,1,779
autocorrect,1,779
sink,2,839
culture,1,780
lifeline,1,780
solid,1,780
eyeballs,1,780
drowning,1,780
spare,1,780
drama,1,780
treading,1,780
retire,1,780
writers,1,780
marco,1,780
degrees,1,781
crash,1,781
bombshell,1,781
misogynistic,1,781
auction,1,782
mime,1,782
mimes,1,782
unspeakable,2,782
imaginary,1,782
pepper,1,782
spray,1,782
wallet,1,782
depressed,1,783
hollandaise,1,783
green,2,783
spears,1,783
schedule,1,783
cauliflower,1,783
sane,1,783
broccoli,1,783
vegetative,1,783
angle,1,784
pleasant,1,784
barking,1,784
chimney,1,784
knowledge,1,784
spoiler,1,784
apple,1,784
cash,1,784
wrists,1,785
gently,1,785
curved,1,785
rustling,1,785
theft,1,785
dang,1,785
sheet,1,785
upright,1,785
establishment,1,785
sundown,1,785
treble,1,785
chorale,1,785
snake,1,785
score,2,785
homework,1,786
alleges,1,786
writing,1,786
negotiate,1,786
beg,1,786
prepared,1,786
entitled,1,786
falls,1,786
pack,1,787
packing,1,787
unpacking,1,787
allowing,1,787
tablet,1,787
technology,1,787
vaccinated,2,788
vaccination,1,788
shorter,1,788
inseam,1,788
parties,1,788
midlife,1,789
chrysalis,1,789
hover,1,789
flit,1,789
reeking,1,789
pollen,1,789
nectar,1,789
capable,1,789
lights,1,790
junction,1,790
spin,1,790
toddlers,1,790
teacup,2,790
walter,1,790
ton,1,790
collision,1,790
outrageous,1,790
token,1,790
german,1,791
shepherd,1,791
exaggerated,1,791
height,1,791
logo,1,791
indoor,1,791
bitch,1,791
heat,2,856
juilliard,1,792
reviews,2,862
terrible,1,792
messages,2,792
composition,1,792
subscription,1,792
receive,1,792
unsubscribe,1,792
labeled,1,792
saved,1,792
regarding,1,792
extended,1,792
vacation,2,811
rate,1,792
scale,1,792
teach,1,793
appetizer,1,793
stream,1,793
invasion,1,794
audit,1,794
practicing,1,794
martial,1,794
guns,1,794
hips,1,795
entrée,1,795
honeymoon,1,795
praying,1,795
taste,1,795
madame,1,795
thin,1,796
drummer,1,796
unusual,1,796
hobbies,1,796
enjoys,1,796
thumping,1,796
broom,1,796
crisis,1,797
pronouns,1,797
thou,1,797
thine,1,797
doug,1,797
wench,1,797
damsel,1,797
roadside,1,798
assistance,1,798
merrier,1,798
ahh,1,798
chateau,1,799
cheval,1,799
blanc,1,799
pouring,1,799
saucer,1,799
pairs,1,799
dragged,1,799
clawed,1,799
weirder,1,800
talent,1,800
signed,1,800
agent,1,800
invincible,1,800
uniform,2,800
plus,1,800
pitchers,1,800
hah,1,801
grim,1,801
loser,1,801
leonard,1,801
learns,1,801
whadda,1,801
defying,1,801
winners,1,801
keepers,1,801
losers,1,801
reapers,1,801
checks,1,802
craving,1,802
picturing,1,802
hideous,1,803
crayons,1,803
guaranteed,1,803
teenagers,1,803
whistles,1,803
fisher,1,803
bella,1,803
nesbit,1,803
accidents,1,803
thankfully,1,803
commuter,1,803
cryptocurrency,1,804
impresses,1,804
downward,1,804
dogcatfish,1,804
fishbowl,1,804
skyscraper,1,805
garbage,2,886
johnson,1,805
kicking,1,805
shrink,1,805
luella,1,805
suspected,1,805
zillow,1,806
serf,1,806
advisory,1,806
toughest,1,806
chainmail,1,806
speedo,1,806
internship,1,806
serfs,1,806
sand,1,806
maize,2,807
accurately,1,807
simulate,1,807
exit,1,807
measuring,1,807
existential,1,807
dread,1,807
smartest,1,807
baseball,1,807
grant,2,807
proposal,1,807
backed,1,807
subsidy,1,807
supreme,1,808
repealed,1,808
mentioned,1,808
constitution,1,808
jut,1,808
freaking,1,808
scenery,1,808
roswell,1,808
tourist,1,808
swallow,1,808
pride,1,808
wakes,1,809
forgotten,1,809
halfway,1,809
faces,1,809
marble,1,809
countertops,1,809
ignores,1,810
staircase,1,810
freight,1,810
shaming,1,810
aquarium,1,811
tan,1,811
echolocation,1,811
greenpeace,1,811
distressed,1,811
straw,1,811
fake,1,811
fins,1,811
flopping,1,811
hysterical,1,811
sharks,1,811
clearing,1,811
beaches,1,811
pleasing,1,812
frustrating,1,812
treaty,1,813
harsh,1,813
russian,1,813
army,1,813
stranded,1,813
disarray,1,813
exile,1,813
invade,1,813
suis,1,813
maman,1,813
josephine,1,813
daycare,1,813
unlimited,2,814
data,1,814
spam,2,814
label,1,814
plug,1,814
firmly,1,814
carriers,1,814
campbell,1,814
progresso,1,814
tin,1,814
ican,1,814
produce,1,815
elbows,1,815
vegetables,2,815
spoil,1,815
fertilizer,1,815
serves,1,815
messy,1,815
heimlich,1,815
tomato,1,815
mason,1,816
plastered,2,816
façade,1,816
shingles,2,816
improvement,1,816
thankful,1,816
cardboard,1,817
foil,1,817
stardom,2,817
thrust,1,817
upon,1,817
granted,2,887
star,1,817
flashlight,1,817
stars,1,817
city,1,817
circuits,2,818
antidepressant,1,818
blocked,1,818
driveway,2,886
join,1,818
outreach,1,818
covid,1,819
colorful,1,819
swore,1,819
checkered,1,819
pasts,2,819
rubik,1,819
upside,2,820
narcissist,1,820
leaked,1,820
blot,1,820
inkling,1,820
bottled,1,820
released,1,820
spilling,1,820
guts,1,820
shoulda,1,821
mocking,1,821
landed,1,821
feather,1,821
extensions,1,821
elvis,1,821
bald,1,821
eagle,1,821
juuuuust,1,822
darling,1,822
abducted,1,822
wells,1,822
result,1,822
encounter,1,822
goodnight,2,822
introduction,1,822
atomic,1,822
molecular,1,822
astronomical,1,822
spectroscopy,1,822
grateful,1,823
almonds,1,823
pilot,1,823
overbooked,2,823
volunteers,1,823
hidden,1,823
fees,1,823
arriving,1,823
vanishing,1,823
bags,1,823
bins,1,823
begging,1,823
airport,2,823
painful,1,824
ornament,1,824
stomach,1,824
growling,1,824
headed,1,825
orange,2,862
succeed,1,825
carving,1,825
initiative,1,825
dental,1,825
sugarcoating,1,825
prospects,1,825
rotten,1,825
illuminate,1,825
smashed,1,825
comfort,1,826
detecting,1,826
operating,1,826
smooth,1,826
operator,1,826
inform,1,826
survive,1,826
rhythm,1,826
paddles,1,826
hip,1,826
surgery,1,826
saturday,1,826
fever,1,826
denier,1,827
smile,2,827
peg,1,827
anesthesiologist,1,827
headhunter,1,827
strokes,1,828
believable,1,828
stupidest,1,828
waste,1,828
foursomes,1,828
masters,1,828
deer,1,829
highway,1,829
royalties,1,829
everywhere,1,829
defensive,2,830
goals,2,830
blocking,1,830
sudden,1,830
analysis,1,830
shoutout,1,831
lady,1,831
enhancer,1,831
supportive,1,831
forgiving,1,831
award,1,831
banquet,1,831
terriers,1,832
enemy,1,832
retreat,1,832
licking,1,832
bones,1,832
catapult,1,832
bone,1,832
prune,1,833
juice,1,833
quicker,1,833
laxative,1,833
osteopath,1,833
manson,1,833
psychopath,1,833
urine,1,833
samples,1,833
beef,1,834
crumbs,1,834
cockatiel,1,834
payment,1,835
bury,1,835
tipper,1,835
starbuck,1,835
silver,1,835
cache,1,835
pilates,1,835
revised,1,835
piracy,1,835
holstein,1,836
greenblatts,1,836
jersey,1,836
beverage,1,836
milky,1,836
navigation,1,836
system,1,836
emission,1,836
standards,1,836
jumping,1,836
santos,1,836
pearl,1,836
harbor,1,836
methane,1,836
vowel,1,837
murdered,1,837
revealed,1,837
ink,1,837
dealing,1,837
watson,2,837
supersleuth,1,837
letters,1,837
marple,1,837
murder,1,837
letter,1,837
completes,1,837
sherlock,1,837
killers,1,837
clues,1,837
publishes,1,837
fictional,1,837
sleuth,1,837
carbon,1,838
footprint,1,838
warm,1,838
exhale,1,838
museum,1,838
merit,1,838
badges,1,838
asteroid,1,838
petrified,1,838
nervous,1,838
rex,1,838
satan,1,839
planets,1,839
alone,1,839
orbit,1,839
aiming,1,839
holes,1,839
iron,4,840
cleaners,1,840
sock,1,840
steam,1,840
ironing,1,840
flatter,1,840
slimmer,1,840
hanger,1,840
velveeta,1,841
brie,1,841
nibbles,1,841
potential,1,841
explaining,1,841
feign,1,841
platters,1,841
remarkable,1,841
consider,1,841
boost,1,841
merely,1,841
applied,1,842
paddle,1,842
underneath,1,842
habit,1,842
crazier,1,842
cockpit,1,842
engine,1,842
kindly,1,842
earned,1,842
approximately,1,842
altitude,1,842
skills,1,843
mansplain,1,843
quick,1,843
needy,1,843
standard,1,844
procedure,2,844
routine,1,844
afterwards,1,844
twist,1,844
aging,1,844
thee,1,845
riddles,1,845
wizard,1,845
thursday,1,845
powerball,1,845
coin,1,845
unsolved,1,845
mysteries,1,845
warn,1,845
mars,1,845
venus,1,845
taylor,1,845
swift,1,845
silicon,1,845
shelter,1,846
exorcized,1,846
daily,1,846
shadows,2,846
disturbing,1,846
projecting,1,846
casting,1,846
referred,1,846
priest,1,846
waving,2,847
across,2,847
collapse,1,847
windbag,1,847
fabulous,1,847
buick,1,847
dealership,1,847
robinsons,1,848
parachute,1,848
chord,1,848
mated,1,848
gordons,1,848
neigh,1,849
stable,1,849
bridle,1,849
coat,1,849
hitched,1,849
polo,1,849
shirt,1,849
event,1,849
loves,1,849
pushed,1,850
fuck,1,850
motherfucker,1,850
quieter,1,850
genre,1,850
mozart,1,850
requiem,1,850
conduct,1,851
concludes,1,851
outgrown,1,851
tenure,1,851
researchers,1,851
jalapenos,1,852
pad,2,852
thai,2,852
topping,1,852
spending,1,852
quesadilla,1,852
swiss,2,853
navy,1,853
weapons,1,853
jarlsberg,1,853
muenster,1,853
satisfied,3,854
somewhat,1,854
sync,1,854
assumes,1,854
followed,1,854
denied,1,854
lessons,1,854
typing,1,854
adopt,1,855
rush,1,855
draw,1,855
nightmare,1,855
interpreted,1,855
areas,1,855
stroke,1,855
jaywalking,1,855
arizona,1,856
popping,2,856
ears,1,856
jiffy,1,856
humidity,1,856
carpenter,1,857
ant,1,857
speaking,1,857
sarah,1,857
learnt,1,857
reunion,1,857
picnic,1,857
relatives,1,857
destroy,1,857
environment,1,857
invasive,1,857
bugs,1,857
puppies,1,858
adoration,1,858
disregard,1,858
shih,1,858
tzu,1,858
psst,1,858
allergies,1,858
expenses,1,858
scare,1,859
students,1,859
oversimplifying,1,859
erase,1,859
dean,1,859
behold,1,859
math,1,859
connect,1,859
updating,1,859
dirty,1,860
snack,1,860
locals,3,860
mild,4,861
west,2,861
tempted,1,861
fault,1,861
fight,1,861
actors,1,861
strike,1,861
headway,1,861
wyatt,1,861
corral,1,861
croquet,1,861
progressive,2,862
lenses,2,862
liberal,1,862
depressing,1,862
corporation,1,863
substance,1,863
hangman,1,863
insensitive,1,863
building,1,863
drew,2,863
instincts,1,864
booked,1,864
chosen,1,864
speech,2,864
keynote,1,864
gravitational,1,865
intense,1,865
urge,1,865
howling,1,865
chewed,1,865
cord,1,865
kibble,1,865
manhole,1,865
greenhouse,1,866
cooler,1,866
spinning,1,866
center,1,866
lately,1,866
seventy,1,866
percent,1,866
woodpecker,1,867
professional,1,867
axed,1,867
meltdowns,1,868
frequently,1,868
conversations,1,868
dairy,1,868
sprinkles,1,868
scoop,1,868
lactose,1,868
intolerant,1,868
gelato,1,868
italians,1,868
gayle,1,869
joe,1,869
baggie,1,869
mackerel,1,869
staffing,1,869
update,1,869
sean,1,869
saito,1,869
sushi,1,869
bait,1,869
debt,1,870
waterhouse,1,870
cribtocurrency,2,870
hush,1,870
bars,1,870
gucci,2,870
goo,1,870
adjusted,1,870
inflation,1,870
added,1,871
vegans,1,871
toadstool,1,871
toad,1,871
dorothy,1,871
toxic,1,871
ingredient,1,871
stu,1,871
wiccapedia,1,871
newt,1,871
traditional,1,871
dissolved,1,871
necklace,1,872
oil,1,872
compatible,1,873
eyebrows,1,873
performed,1,873
hundreds,1,873
surgeries,1,873
kindergarden,1,873
potāto,1,873
potäto,1,873
pulling,1,873
nose,1,873
tuber,1,873
poo,1,874
weekly,1,874
rates,1,874
reasonable,1,874
surcharge,1,874
collect,2,885
compost,1,874
blowers,1,874
terrestrial,1,874
carrion,1,875
quacks,1,875
american,1,875
canadian,1,875
geese,1,875
defend,1,875
crows,1,875
carries,1,875
eagles,1,875
issued,1,875
gaggle,1,875
impressionism,1,876
rely,1,876
grants,1,876
camembert,1,876
cheez,1,876
whiz,1,876
figures,1,876
derivative,1,876
scaffolding,1,876
emojis,3,877
spell,1,877
tweet,1,877
peach,1,877
cheeks,1,877
apocalypse,1,877
mistle,1,878
imagination,1,878
stephen,1,878
stockings,2,878
froze,1,879
mixing,1,879
slalom,1,879
beyond,1,879
owns,1,879
frozen,1,879
elevation,1,879
faith,1,879
opt,1,879
ticking,1,880
cuckoo,1,880
remaining,2,880
eenie,1,881
meenie,1,881
minie,1,881
moe,1,881
irishman,1,881
covering,2,881
picking,1,881
tab,1,881
scissors,2,881
straws,1,881
dismount,1,882
beauty,1,882
mane,1,882
fastest,1,882
reckon,1,882
wasting,1,883
maul,1,883
pamper,1,883
domesticated,1,883
margaret,1,883
gosh,1,883
horrible,1,883
david,1,883
attenborough,1,883
narrated,1,883
manipulate,1,883
blah,3,883
coughs,1,883
pounce,1,883
crunchy,1,884
nemesis,1,884
shadow,1,884
former,1,884
cane,1,884
ivory,1,884
babar,1,884
republicans,1,884
peanut,2,884
implications,1,884
supporting,1,884
represent,1,884
nut,1,884
official,1,884
icon,1,884
upset,1,885
flashed,1,885
tuesday,1,885
warmed,1,885
gentle,1,886
shore,1,886
dishwasher,1,886
vacations,1,886
hoped,1,886
bin,1,886
gainfully,1,886
employed,1,886
jimmy,1,886
buffett,1,886
followers,1,886
staycation,1,886
candidate,1,887
genies,1,887
busy,1,887
continue,1,887
pending,1,887
swap,1,887
outfits,1,887
aladdin,2,887
apply,1,887
itch,1,888
grows,1,888
gesundheit,1,888
hiccups,1,888
pickle,1,888
helluva,1,888
merv,1,888
cactile,1,888
pluck,1,888
val,1,888
attractive,1,888
flood,3,889
cedar,1,889
planks,1,889
useful,1,889
unicorns,1,889
guest,1,889
sun,1,890
photos,1,890
bang,1,890
astronomer,1,890
cheating,1,890
orion,1,890
belt,1,890
revolves,1,890
breaking,1,890
slider,1,891
employer,1,891
stealing,1,891
requires,1,891
periods,2,891
productivity,1,891
combined,1,891
reflection,1,891
spitting,1,891
unfortuately,1,891
league,1,891
closer,1,891
hardball,2,891
pitch,1,891
related,1,892
comet,1,892
dinosaurs,1,892
eclipse,1,892
mass,1,892
extinctions,1,892
nightmares,1,892
ryan,1,892
iguana,1,892
seller,2,893
prospective,1,893
buyer,1,893
motivated,1,893
elm,1,893
comic,1,893
concept,1,893
accents,1,893
views,1,893
paintings,1,894
bozo,2,894
pie,1,894
painted,2,894
seltzer,1,894
period,1,894
rays,1,895
electronics,1,895
sporting,1,895
goods,1,895
conquer,2,895
mall,1,895
bath,1,895
