token,count
man,88
unusual,87
people,59
like,46
see,42
would,34
one,28
place,25
huge,21
usually,20
large,19
office,19
wearing,18
also,17
modern,17
time,16
animals,15
inside,15
face,14
head,14
human,14
odd,14
water,14
dressed,13
exist,13
fish,13
house,13
king,13
normally,13
size,13
clothes,12
men,12
top,12
way,12
wear,12
get,11
giant,11
instead,11
looks,11
middle,11
outside,11
room,11
woman,11
belong,10
birds,10
hair,10
living,10
someone,10
standing,10
bar,9
doctor,9
earth,9
holding,9
humans,9
mountain,9
person,9
typically,9
around,8
baseball,8
car,8
death,8
dog,8
dogs,8
food,8
kitchen,8
long,8
mice,8
nothing,8
piano,8
table,8
two,8
back,7
big,7
knight,7
period,7
playing,7
restaurant,7
shark,7
shop,7
sitting,7
supposed,7
walk,7
whale,7
acting,6
alive,6
carrying,6
come,6
coming,6
could,6
full,6
impossible,6
island,6
looking,6
rat,6
real,6
snow,6
stand,6
tiny,6
use,6
watching,6
well,6
another,5
appears,5
beach,5
bird,5
building,5
cacti,5
cat,5
clothing,5
color,5
dangerous,5
desert,5
eat,5
find,5
fire,5
fit,5
fly,5
found,5
gigantic,5
giraffes,5
horse,5
larger,5
lion,5
much,5
plank,5
play,5
rather,5
seeing,5
seems,5
sheep,5
small,5
snowmen,5
subway,5
sword,5
talk,5
things,5
upright,5
wall,5
work,5
yoga,5
able,4
act,4
additionally,4
air,4
anyone,4
armor,4
baker,4
ball,4
bears,4
build,4
bull,4
cave,4
caveman,4
cavemen,4
city,4
close,4
clouds,4
computers,4
different,4
dress,4
egg,4
element,4
even,4
give,4
happy,4
houses,4
live,4
look,4
magic,4
mouse,4
nowhere,4
ocean,4
patient,4
pirate,4
pizza,4
police,4
pool,4
rapunzel,4
really,4
restaurants,4
sand,4
scene,4
seen,4
shape,4
shoes,4
shopping,4
since,4
snake,4
somehow,4
station,4
still,4
store,4
strange,4
suit,4
suits,4
taking,4
talking,4
thing,4
times,4
train,4
trees,4
trying,4
ufos,4
used,4
waiter,4
walking,4
whales,4
window,4
world,4
wrong,4
alligator,3
anchor,3
angels,3
anything,3
apple,3
astronaut,3
bear,3
behind,3
boat,3
boy,3
buildings,3
cake,3
cats,3
cause,3
cherry,3
cliff,3
cloud,3
cone,3
cooking,3
danger,3
dead,3
deer,3
desk,3
dinner,3
dinosaurs,3
diver,3
dolphins,3
dragons,3
ducks,3
enough,3
especially,3
everyone,3
expect,3
eyes,3
faces,3
fall,3
game,3
gingerbread,3
golf,3
grim,3
ground,3
guard,3
hammock,3
hamster,3
hat,3
horses,3
intelligent,3
kids,3
kings,3
lady,3
leaves,3
lizard,3
lizards,3
longer,3
machines,3
magician,3
meant,3
meeting,3
menu,3
miniature,3
monkeys,3
moon,3
mosquito,3
move,3
museum,3
mythical,3
need,3
normal,3
paper,3
party,3
phone,3
picture,3
placed,3
probably,3
public,3
reaper,3
ride,3
sea,3
seem,3
setting,3
sit,3
sky,3
smart,3
snails,3
soup,3
space,3
stabbed,3
stores,3
story,3
straight,3
surrounded,3
survive,3
tale,3
teddy,3
tend,3
therapy,3
three,3
throne,3
tracks,3
ufo,3
using,3
washing,3
weight,3
weird,3
without,3
wolf,3
wolves,3
working,3
alley,2
alligators,2
allowed,2
always,2
amish,2
anachronistic,2
animated,2
anywhere,2
area,2
arms,2
art,2
away,2
background,2
baked,2
balls,2
band,2
bbqing,2
bed,2
bigger,2
bike,2
biting,2
black,2
bleeding,2
blender,2
block,2
bodies,2
boss,2
bowl,2
briefcase,2
bring,2
bucket,2
burning,2
business,2
businessmen,2
cactus,2
calm,2
cannonballing,2
cars,2
cart,2
case,2
caves,2
ceiling,2
chefs,2
china,2
climb,2
climbing,2
clipboard,2
clown,2
clowns,2
coffee,2
coffin,2
colored,2
common,2
compared,2
completely,2
corner,2
couch,2
course,2
court,2
covered,2
crawling,2
creatures,2
crime,2
customer,2
day,2
deep,2
depicted,2
desks,2
directly,2
display,2
diving,2
doctors,2
done,2
dough,2
dozen,2
dragon,2
drones,2
eggs,2
either,2
elevator,2
enormous,2
entire,2
experiments,2
eye,2
feet,2
fine,2
floor,2
flying,2
follow,2
friendly,2
garbage,2
genie,2
god,2
goods,2
grill,2
grills,2
groceries,2
half,2
halo,2
hammocks,2
hand,2
hands,2
hard,2
hazmat,2
heads,2
held,2
help,2
high,2
hitchhikers,2
hole,2
holes,2
home,2
hospital,2
inanimate,2
injured,2
instruments,2
jackets,2
jet,2
kind,2
kites,2
knights,2
known,2
laying,2
leader,2
leg,2
legs,2
less,2
let,2
life,2
light,2
likely,2
liquid,2
locked,2
lot,2
lounge,2
made,2
making,2
mannequin,2
mat,2
maze,2
mazes,2
meetings,2
monsters,2
moses,2
mosquitoes,2
mounted,2
mouth,2
music,2
near,2
necks,2
needs,2
nest,2
object,2
objects,2
old,2
olympic,2
onto,2
outlines,2
pack,2
pants,2
personal,2
piece,2
pigeon,2
pipes,2
pirates,2
plane,2
plaque,2
pointless,2
possible,2
pretty,2
pushing,2
react,2
reason,2
repunzel,2
riding,2
road,2
rock,2
rowing,2
rug,2
sandbox,2
satan,2
scared,2
seated,2
seemingly,2
selling,2
set,2
several,2
sharks,2
ship,2
shoot,2
shovel,2
side,2
sidewalk,2
sized,2
skeleton,2
skins,2
smile,2
snakes,2
something,2
stands,2
stare,2
stationary,2
studio,2
take,2
taken,2
therapist,2
though,2
tied,2
together,2
tornado,2
tower,2
traps,2
trick,2
trophy,2
truck,2
try,2
tub,2
typical,2
unexpected,2
unicorns,2
unless,2
unusually,2
vehicle,2
vendor,2
waiters,2
werewolves,2
witness,2
abduct,1
abnormal,1
absurd,1
absurdly,1
accident,1
accord,1
actions,1
active,1
actually,1
admiring,1
adult,1
adults,1
affairs,1
afraid,1
airplane,1
alien,1
aliens,1
alleys,1
allowing,1
alone,1
along,1
already,1
amount,1
anachronism,1
angel,1
angry,1
animal,1
annoyed,1
apartment,1
apartments,1
appear,1
appeared,1
apples,1
appreciate,1
appropriately,1
arrangement,1
astronauts,1
attached,1
attack,1
attend,1
attention,1
average,1
babies,1
bakeries,1
bakers,1
balcony,1
banged,1
barbecues,1
bartender,1
basement,1
bat,1
bathroom,1
bathrooms,1
bathtub,1
bathtubs,1
batter,1
battling,1
beaming,1
beard,1
beast,1
beds,1
beehives,1
beer,1
behave,1
behaving,1
behead,1
beings,1
bicycle,1
bit,1
bitten,1
blenders,1
blown,1
board,1
book,1
bookstore,1
bottles,1
boulders,1
box,1
boxes,1
boxing,1
break,1
breathing,1
briefcases,1
bright,1
bringing,1
brought,1
bubbles,1
bulb,1
bulls,1
bunch,1
bunk,1
businessman,1
busy,1
butler,1
cafe,1
called,1
calmly,1
camping,1
capacity,1
cappuccino,1
caps,1
captive,1
carried,1
carries,1
castle,1
castles,1
caught,1
celestial,1
cellphone,1
cement,1
cemetery,1
centaurs,1
ceo,1
chain,1
chair,1
chairs,1
chalk,1
chameleons,1
cheat,1
chef,1
children,1
chomping,1
cinder,1
cinderblock,1
cities,1
claws,1
cleaners,1
client,1
climates,1
climbs,1
clones,1
club,1
cold,1
colder,1
collar,1
collars,1
commandments,1
commonplace,1
communicating,1
composed,1
concrete,1
condition,1
conditions,1
conduct,1
confiscated,1
confused,1
congregate,1
consent,1
considerably,1
considering,1
consuming,1
contained,1
conversations,1
cop,1
costume,1
costumer,1
couches,1
counter,1
counters,1
couple,1
cover,1
covering,1
covers,1
crap,1
crash,1
creature,1
creepy,1
crib,1
crossings,1
crown,1
crushed,1
customers,1
cyclists,1
dangerously,1
date,1
dates,1
deers,1
defying,1
degree,1
depending,1
depict,1
described,1
deserted,1
despite,1
destroyed,1
destroying,1
destruction,1
devil,1
diagnosing,1
die,1
died,1
differently,1
digging,1
dining,1
dinosaur,1
disheveled,1
displayed,1
disruptive,1
dive,1
documents,1
dolls,1
dolphin,1
donut,1
door,1
dramatically,1
draw,1
drink,1
drinking,1
drone,1
drop,1
dry,1
dryer,1
due,1
dueling,1
dummy,1
dumpty,1
duty,1
dwarfs,1
easier,1
easily,1
eaten,1
electricity,1
elephant,1
elephants,1
elevators,1
emoticon,1
engine,1
entangled,1
environment,1
establishment,1
evening,1
event,1
everything,1
evolution,1
except,1
executives,1
exploded,1
explorer,1
expressions,1
extended,1
extremely,1
facial,1
facing,1
fact,1
fairly,1
fairy,1
fake,1
falling,1
famous,1
fancy,1
far,1
farmers,1
fashioned,1
fearful,1
feature,1
featured,1
fed,1
female,1
fictional,1
field,1
filled,1
filling,1
fin,1
finally,1
flooded,1
flowers,1
fluid,1
formation,1
forming,1
fours,1
frankenstein,1
freedom,1
fresh,1
friends,1
frill,1
front,1
furniture,1
gallery,1
games,1
gators,1
gear,1
gecko,1
generals,1
genies,1
giraffe,1
girl,1
glass,1
globe,1
gloves,1
goes,1
going,1
grand,1
gravity,1
green,1
grilled,1
grocery,1
groomsman,1
group,1
grown,1
guitar,1
gun,1
guns,1
guy,1
guys,1
haircut,1
happen,1
happening,1
happily,1
harsh,1
hazard,1
heavy,1
height,1
helium,1
hell,1
highly,1
hike,1
hiker,1
hiking,1
hind,1
hit,1
hitchhiker,1
homes,1
honey,1
hoodie,1
hooves,1
hornets,1
hot,1
hotdog,1
humongous,1
humpty,1
hundreds,1
hung,1
hunt,1
identical,1
illegal,1
image,1
imitate,1
improbable,1
include,1
incredibly,1
indicates,1
industrial,1
ineffective,1
informally,1
injuries,1
injury,1
insects,1
instant,1
intense,1
interest,1
interesting,1
intravenous,1
invisible,1
involve,1
islands,1
ivs,1
jacket,1
jetpack,1
jumpsuits,1
jungles,1
keeling,1
keep,1
kicked,1
kill,1
killed,1
killing,1
kitchens,1
kite,1
kneading,1
knife,1
knives,1
lamp,1
lamps,1
land,1
laptop,1
lay,1
leading,1
learned,1
ledge,1
ledges,1
legal,1
legend,1
length,1
lets,1
level,1
lift,1
likes,1
line,1
little,1
lives,1
lobby,1
lobster,1
location,1
lock,1
longing,1
lounging,1
machine,1
make,1
makes,1
makeup,1
male,1
mammoth,1
managed,1
mannered,1
many,1
marching,1
massive,1
may,1
mean,1
meat,1
medieval,1
melt,1
mess,1
metal,1
might,1
mirroring,1
missing,1
mood,1
mountains,1
mouths,1
moving,1
mundane,1
musicians,1
naked,1
native,1
naturally,1
neck,1
needing,1
needle,1
neighbor,1
nested,1
nesting,1
never,1
next,1
nice,1
nightclub,1
note,1
notes,1
number,1
officer,1
officers,1
offices,1
oneself,1
open,1
operate,1
opposable,1
orbiting,1
order,1
organ,1
organs,1
others,1
outfit,1
outline,1
oven,1
overkill,1
owner,1
oxygen,1
packed,1
pain,1
palm,1
pancakes,1
panic,1
parading,1
particular,1
parts,1
past,1
peacefully,1
peculiar,1
peeping,1
peg,1
per,1
perfect,1
periods,1
pets,1
petting,1
physically,1
pictures,1
pie,1
pigeons,1
pinata,1
pinyata,1
pipe,1
piñata,1
placement,1
planes,1
planets,1
plant,1
plants,1
played,1
player,1
players,1
playpens,1
plummeting,1
pockets,1
point,1
polar,1
poles,1
polite,1
posing,1
position,1
potted,1
prehistoric,1
prince,1
print,1
prison,1
private,1
productive,1
protective,1
psychiatrists,1
puppet,1
put,1
putting,1
pyramid,1
radiator,1
radiators,1
railroad,1
random,1
rare,1
reading,1
realistic,1
receipt,1
receiving,1
record,1
refraining,1
regular,1
relaxing,1
remain,1
rendering,1
replaced,1
replicas,1
reptile,1
resataurant,1
resemble,1
reservations,1
restrained,1
retail,1
reversed,1
rifle,1
right,1
ringing,1
rise,1
robe,1
rocket,1
rocking,1
rocks,1
roles,1
roll,1
roller,1
roped,1
round,1
rowboat,1
running,1
sad,1
safely,1
sandboxes,1
sandwich,1
save,1
scaling,1
scaring,1
scream,1
seat,1
seats,1
security,1
seldom,1
sense,1
sentient,1
series,1
serve,1
settings,1
severely,1
shaft,1
shaking,1
shepherd,1
shining,1
shirt,1
shooting,1
shoulders,1
shower,1
showing,1
shredder,1
signifies,1
signs,1
sing,1
sisyphus,1
sits,1
skating,1
sketchy,1
slanted,1
sleep,1
slides,1
slop,1
smiling,1
snail,1
snowman,1
soda,1
soldier,1
solid,1
someones,1
sopping,1
sorts,1
source,1
spacecraft,1
speak,1
speeches,1
split,1
square,1
stacked,1
stacking,1
standard,1
staring,1
state,1
stay,1
steep,1
sticking,1
stockade,1
stocks,1
stood,1
stool,1
stools,1
stories,1
straightjackets,1
stranded,1
stray,1
street,1
stuck,1
students,1
suffering,1
suggests,1
sun,1
supermarket,1
surprised,1
surprising,1
suspects,1
suspenders,1
swallows,1
sweater,1
sweets,1
swords,1
tail,1
takes,1
tall,1
taller,1
tangled,1
task,1
tattered,1
television,1
ten,1
terrorize,1
tested,1
testify,1
testimony,1
thick,1
thicker,1
think,1
throwing,1
thumbs,1
tide,1
tie,1
tight,1
toaster,1
toasters,1
toasts,1
ton,1
tossed,1
tossing,1
towards,1
track,1
traditional,1
trash,1
tree,1
tricks,1
troughs,1
true,1
tsa,1
tuba,1
tubas,1
tubs,1
turtle,1
turtleneck,1
twist,1
type,1
types,1
umbrella,1
uncanny,1
ungainly,1
unicorn,1
uniform,1
unlawful,1
unsusual,1
upset,1
upside,1
vacuum,1
various,1
version,1
via,1
viking,1
virtually,1
visible,1
visiting,1
waists,1
wardrobe,1
washer,1
wasteland,1
waterspout,1
wave,1
waves,1
weakly,1
weapon,1
wears,1
wet,1
whatever,1
wheel,1
wheels,1
whiskey,1
white,1
whole,1
wife,1
windows,1
wine,1
wings,1
wink,1
within,1
women,1
wood,1
woods,1
worker,1
works,1
worry,1
wrapped,1
yard,1
years,1
yeti,1
zoos,1
